article_id,document_id,pca_1,pca_2
access_to_information:1,access_to_information,-0.012031,0.0193
access_to_information:2,access_to_information,0.065274,0.015053
access_to_information:3,access_to_information,-0.159573,0.117584
access_to_information:4,access_to_information,0.115786,0.120224
access_to_information:5,access_to_information,0.106946,0.183398
access_to_information:6,access_to_information,-0.068093,0.209146
access_to_information:7,access_to_information,0.028207,0.049186
access_to_information:8,access_to_information,0.232982,-0.141394
access_to_information:9,access_to_information,0.040585,-0.09808
access_to_information:10,access_to_information,-0.156729,0.289298
access_to_information:11,access_to_information,0.037799,-0.161509
access_to_information:12,access_to_information,-0.033414,-0.026405
access_to_information:13,access_to_information,-0.023626,-0.111067
access_to_information:14,access_to_information,-0.293626,0.001783
access_to_information:15,access_to_information,-0.114493,-0.077735
access_to_information:16,access_to_information,-0.04705,-0.217412
access_to_information:17,access_to_information,0.009696,-0.178854
access_to_information:18,access_to_information,-0.076262,-0.082214
access_to_information:19,access_to_information,-0.071013,-0.121392
access_to_information:20,access_to_information,-0.008189,-0.076246
access_to_information:21,access_to_information,0.149861,0.067561
access_to_information:22,access_to_information,0.05139,-0.087037
access_to_information:23,access_to_information,-0.209385,0.210161
access_to_information:24,access_to_information,0.106805,0.031511
access_to_information:25,access_to_information,-0.297245,0.055342
access_to_information:26,access_to_information,-0.012079,0.287707
access_to_information:27,access_to_information,-0.310815,-0.001992
artificial_intelligence:1,artificial_intelligence,0.235216,0.098331
artificial_intelligence:2,artificial_intelligence,0.124109,0.013584
artificial_intelligence:3,artificial_intelligence,0.454319,0.03298
artificial_intelligence:4,artificial_intelligence,0.311807,0.279663
artificial_intelligence:5,artificial_intelligence,0.223402,0.148052
artificial_intelligence:6,artificial_intelligence,0.174363,0.268594
artificial_intelligence:7,artificial_intelligence,0.114752,0.268933
artificial_intelligence:8,artificial_intelligence,0.295343,0.091394
artificial_intelligence:9,artificial_intelligence,0.252541,0.221553
artificial_intelligence:10,artificial_intelligence,0.109019,0.265757
artificial_intelligence:11,artificial_intelligence,0.258025,0.196953
artificial_intelligence:12,artificial_intelligence,0.325703,-0.067729
artificial_intelligence:13,artificial_intelligence,0.284009,-0.073605
artificial_intelligence:14,artificial_intelligence,0.305215,-0.000339
artificial_intelligence:15,artificial_intelligence,0.234817,0.17836
artificial_intelligence:16,artificial_intelligence,0.140171,0.240643
artificial_intelligence:17,artificial_intelligence,0.126578,0.160539
artificial_intelligence:18,artificial_intelligence,0.125955,0.131013
artificial_intelligence:19,artificial_intelligence,0.231381,0.05415
artificial_intelligence:20,artificial_intelligence,0.231999,0.091476
artificial_intelligence:21,artificial_intelligence,0.11477,0.183248
artificial_intelligence:22,artificial_intelligence,0.047584,0.134934
artificial_intelligence:23,artificial_intelligence,0.125922,0.242756
artificial_intelligence:24,artificial_intelligence,0.18916,0.181824
artificial_intelligence:25,artificial_intelligence,0.271777,0.001525
artificial_intelligence:26,artificial_intelligence,0.156649,-0.179917
artificial_intelligence:27,artificial_intelligence,0.111114,0.155331
artificial_intelligence:28,artificial_intelligence,0.363058,-0.091907
artificial_intelligence:29,artificial_intelligence,0.225349,-0.102327
artificial_intelligence:30,artificial_intelligence,0.192869,0.291559
artificial_intelligence:31,artificial_intelligence,-0.317184,-0.048382
communications:1,communications,-0.014329,-0.142826
communications:2,communications,-0.170795,-0.340017
communications:3,communications,0.083084,-0.029367
communications:4,communications,-0.059302,-0.291191
communications:5,communications,0.064095,-0.137989
communications:6,communications,0.256536,-0.094995
communications:7,communications,0.135644,-0.286447
communications:8,communications,-0.140962,-0.279411
communications:9,communications,0.048985,-0.228809
communications:10,communications,-0.093216,-0.234891
communications:11,communications,-0.07941,-0.328502
communications:12,communications,-0.077712,-0.3626
communications:13,communications,-0.02839,-0.334572
communications:14,communications,-0.086418,-0.240686
communications:15,communications,-0.157309,-0.202415
communications:16,communications,-0.070372,-0.203058
communications:17,communications,-0.092876,-0.172864
communications:18,communications,-0.224472,-0.209004
communications:19,communications,-0.182029,-0.19213
communications:20,communications,-0.200427,-0.230962
communications:21,communications,-0.146937,-0.229904
communications:22,communications,-0.349198,-0.203132
communications:23,communications,-0.188084,-0.223801
communications:24,communications,-0.382026,-0.187122
communications:25,communications,-0.235025,-0.213393
communications:26,communications,-0.141981,-0.2267
communications:27,communications,-0.144428,-0.263021
communications:28,communications,-0.159884,-0.157287
communications:30,communications,-0.078004,-0.319096
communications:31,communications,-0.089088,-0.338407
communications:35,communications,-0.100583,-0.310358
communications:36,communications,-0.210128,-0.162416
communications:37,communications,-0.21499,-0.153956
communications:38,communications,-0.120412,-0.341051
communications:39,communications,-0.168886,-0.315718
communications:40,communications,-0.054773,-0.191563
communications:41,communications,-0.023843,-0.223555
communications:42,communications,-0.124572,0.069088
communications:46,communications,-0.211801,-0.050563
communications:47,communications,-0.223702,-0.167447
communications:48,communications,-0.215599,-0.139221
communications:49,communications,-0.114741,-0.151887
communications:50,communications,-0.092015,-0.314247
communications:51,communications,-0.161354,-0.305224
communications:52,communications,-0.223761,-0.272213
communications:53,communications,-0.146082,-0.227608
communications:54,communications,-0.209246,-0.264201
communications:55,communications,-0.122686,-0.169668
communications:56,communications,-0.101006,-0.180925
communications:57,communications,-0.135034,-0.295708
communications:58,communications,-0.065486,-0.207661
communications:59,communications,-0.065718,-0.201421
communications:60,communications,-0.229837,-0.202704
communications:61,communications,-0.216713,-0.191244
communications:62,communications,-0.310879,-0.331007
communications:63,communications,-0.352775,-0.260575
communications:64,communications,-0.141773,-0.189492
communications:65,communications,-0.157761,-0.276233
communications:66,communications,0.055017,-0.226005
communications:67,communications,-0.352254,-0.202497
communications:68,communications,-0.18302,-0.257986
communications:69,communications,0.055644,-0.115871
communications:70,communications,-0.238761,-0.124023
communications:71,communications,-0.012516,0.189705
communications:72,communications,-0.159079,0.024271
communications:73,communications,-0.268458,0.024853
cybersecurity:1,cybersecurity,0.111512,-0.081596
cybersecurity:2,cybersecurity,0.086893,-0.006249
cybersecurity:3,cybersecurity,0.231226,0.033448
cybersecurity:4,cybersecurity,0.233571,0.211988
cybersecurity:5,cybersecurity,0.29262,-0.130586
cybersecurity:6,cybersecurity,0.241277,-0.167073
cybersecurity:8,cybersecurity,0.145652,-0.142448
cybersecurity:9,cybersecurity,0.093834,-0.136774
cybersecurity:10,cybersecurity,0.17243,-0.165618
cybersecurity:11,cybersecurity,0.108799,-0.070388
cybersecurity:12,cybersecurity,0.063949,-0.021403
cybersecurity:14,cybersecurity,0.071922,-0.063332
cybersecurity:15,cybersecurity,0.008006,-0.076287
cybersecurity:17,cybersecurity,0.05466,-0.004503
cybersecurity:19,cybersecurity,0.135574,-0.036379
cybersecurity:27,cybersecurity,-0.037732,-0.12628
cybersecurity:28,cybersecurity,0.118191,-0.189231
cybersecurity:29,cybersecurity,0.353082,-0.186891
cybersecurity:30,cybersecurity,0.123919,0.127901
cybersecurity:31,cybersecurity,0.017753,0.106335
cybersecurity:32,cybersecurity,0.00656,0.186985
cybersecurity:33,cybersecurity,0.056671,-0.053396
cybersecurity:38,cybersecurity,-0.257201,0.061045
cybersecurity:47,cybersecurity,-0.040537,0.060986
cybersecurity:48,cybersecurity,-0.039469,-0.20377
cybersecurity:49,cybersecurity,0.039097,-0.270994
cybersecurity:50,cybersecurity,0.018232,-0.259427
cybersecurity:51,cybersecurity,0.045012,-0.174799
cybersecurity:52,cybersecurity,0.040827,0.025786
cybersecurity:61,cybersecurity,0.161711,-0.057553
cybersecurity:67,cybersecurity,0.00396,0.055143
cybersecurity:69,cybersecurity,0.246738,-0.004872
cybersecurity:71,cybersecurity,0.091542,-0.016206
cybersecurity:72,cybersecurity,0.051804,-0.006546
cybersecurity:74,cybersecurity,0.145151,0.079966
cybersecurity:75,cybersecurity,-0.040706,0.040573
cybersecurity:76,cybersecurity,0.086135,-0.016124
cybersecurity:77,cybersecurity,0.115316,-0.119184
cybersecurity:78,cybersecurity,0.09576,0.068976
cybersecurity:79,cybersecurity,-0.138379,0.30049
cybersecurity:80,cybersecurity,-0.117208,-0.241446
cybersecurity:83,cybersecurity,0.228434,-0.15704
cybersecurity:84,cybersecurity,-0.068835,0.072031
cybersecurity:85,cybersecurity,-0.05759,0.04852
cybersecurity:86,cybersecurity,-0.210117,0.112796
cybersecurity:87,cybersecurity,-0.287919,0.027231
cybersecurity:88,cybersecurity,-0.093509,-0.017297
cybersecurity:89,cybersecurity,-0.305375,0.034661
cybersecurity:90,cybersecurity,0.359839,-0.136212
cybersecurity:91,cybersecurity,0.161858,-0.076858
cybersecurity:92,cybersecurity,0.281474,-0.082425
cybersecurity:93,cybersecurity,0.216516,-0.141985
cybersecurity:97,cybersecurity,0.072193,0.260865
cybersecurity:99,cybersecurity,-0.169954,0.097056
digital_code:1,digital_code,0.0829,0.142714
digital_code:2,digital_code,0.102213,0.043746
digital_code:3,digital_code,0.328728,0.088646
digital_code:4,digital_code,0.305907,0.200362
digital_code:5,digital_code,0.164779,0.325339
digital_code:6,digital_code,0.19093,0.185081
digital_code:7,digital_code,0.135581,0.126203
digital_code:8,digital_code,0.276267,0.002145
digital_code:9,digital_code,0.24178,0.19779
digital_code:10,digital_code,0.131797,0.06712
digital_code:11,digital_code,0.222176,0.009475
digital_code:12,digital_code,0.322537,0.009954
digital_code:13,digital_code,0.266886,0.235309
digital_code:14,digital_code,0.236289,-0.163542
digital_code:15,digital_code,0.178167,-0.070748
digital_code:16,digital_code,-0.026918,0.087546
digital_code:17,digital_code,-0.082886,0.047097
digital_code:18,digital_code,0.064671,-0.074903
digital_code:19,digital_code,0.022536,-0.066166
digital_code:20,digital_code,0.081328,0.147899
digital_code:21,digital_code,-0.112717,0.158665
digital_code:22,digital_code,0.026532,0.08949
digital_code:23,digital_code,-0.019838,0.002433
digital_code:24,digital_code,-0.030253,0.163431
digital_code:25,digital_code,0.186901,-0.051608
digital_code:26,digital_code,-0.032083,-0.011453
digital_code:27,digital_code,0.077408,-0.105766
digital_code:28,digital_code,0.096849,0.112421
digital_code:29,digital_code,0.045161,0.014864
digital_code:30,digital_code,0.071337,0.035226
digital_code:31,digital_code,0.171644,-0.052811
digital_code:32,digital_code,0.049754,0.043422
digital_code:33,digital_code,0.129824,-0.031352
digital_code:34,digital_code,0.092695,0.05869
digital_code:35,digital_code,0.033698,-0.055493
digital_code:36,digital_code,0.064105,0.197146
digital_code:37,digital_code,-0.090192,0.29362
digital_code:38,digital_code,-0.004363,0.2689
digital_code:39,digital_code,0.014496,0.237433
digital_code:40,digital_code,-0.069426,0.291306
digital_code:41,digital_code,-0.105756,0.287225
digital_code:42,digital_code,0.208352,-0.099169
digital_code:43,digital_code,0.049049,0.248952
digital_code:44,digital_code,-0.157961,0.281803
digital_code:45,digital_code,-0.12888,0.095654
digital_code:46,digital_code,-0.123907,0.192579
digital_code:47,digital_code,-0.191713,0.08691
digital_code:48,digital_code,-0.05844,0.045309
digital_code:49,digital_code,-0.324915,0.144802
digital_code:50,digital_code,-0.290335,0.119355
digital_code:51,digital_code,-0.290633,0.151632
digital_code:52,digital_code,-0.282017,0.064561
digital_code:53,digital_code,-0.270508,-0.03314
digital_code:54,digital_code,-0.181254,-0.106164
digital_code:55,digital_code,-0.332397,0.107396
digital_code:56,digital_code,-0.325578,0.094412
digital_code:57,digital_code,-0.171933,0.094709
digital_code:58,digital_code,-0.317657,0.120067
digital_code:59,digital_code,-0.378546,0.133565
digital_code:60,digital_code,-0.395646,0.165572
digital_code:61,digital_code,-0.282841,0.078031
digital_code:62,digital_code,-0.262811,0.109054
digital_code:63,digital_code,-0.239226,0.174186
digital_code:64,digital_code,-0.223351,0.161084
digital_code:65,digital_code,0.012546,0.002558
digital_code:66,digital_code,-0.206017,-0.112946
digital_code:67,digital_code,0.074761,0.091802
digital_code:68,digital_code,0.270239,-0.071675
digital_code:69,digital_code,0.319479,-0.095073
digital_code:70,digital_code,0.292388,-0.182645
digital_code:71,digital_code,0.233284,-0.078181
digital_code:72,digital_code,0.266661,-0.142128
digital_code:73,digital_code,0.185739,-0.062334
digital_code:74,digital_code,0.104561,-0.139905
digital_code:75,digital_code,-0.094681,-0.168148
digital_code:76,digital_code,0.040936,0.06785
digital_code:77,digital_code,-0.004911,0.076772
digital_code:78,digital_code,-0.013691,0.000738
digital_code:79,digital_code,0.078622,-0.073446
digital_code:80,digital_code,-0.020411,-0.181004
digital_code:81,digital_code,0.039097,-0.270994
digital_code:82,digital_code,0.171946,-0.108433
digital_code:83,digital_code,0.160682,-0.162041
digital_code:84,digital_code,0.243635,-0.085747
digital_code:85,digital_code,0.247314,-0.167685
digital_code:86,digital_code,0.006278,-0.024316
digital_code:87,digital_code,0.055012,-0.04868
digital_code:88,digital_code,0.048261,-0.027149
digital_code:89,digital_code,0.127892,0.064126
digital_code:90,digital_code,0.211629,-0.066924
digital_code:91,digital_code,0.247906,-0.034555
digital_code:92,digital_code,0.177142,-0.19881
digital_code:93,digital_code,0.272886,-0.112784
digital_code:94,digital_code,0.292094,-0.136586
digital_code:95,digital_code,0.273557,-0.215467
digital_code:96,digital_code,-0.087834,0.027982
digital_code:97,digital_code,0.207381,0.104219
digital_code:98,digital_code,0.099194,-0.005082
digital_code:99,digital_code,0.122054,0.031185
digital_code:100,digital_code,0.271129,0.016562
digital_code:101,digital_code,0.227625,-0.159367
digital_code:102,digital_code,0.248308,-0.048898
digital_code:103,digital_code,0.296038,-0.160538
digital_code:104,digital_code,0.076511,-0.01973
digital_code:105,digital_code,-0.034446,0.224259
digital_code:106,digital_code,-0.300195,0.059712
personal_data:1,personal_data,-0.162839,0.255583
personal_data:2,personal_data,0.091858,0.342709
personal_data:3,personal_data,-0.01846,0.181269
personal_data:4,personal_data,0.06629,0.043568
personal_data:5,personal_data,0.107505,0.336103
personal_data:6,personal_data,-0.241046,0.266951
personal_data:7,personal_data,-0.177403,0.294858
personal_data:8,personal_data,-0.312329,0.249243
personal_data:9,personal_data,-0.130215,0.197819
personal_data:10,personal_data,-0.270167,0.262919
personal_data:11,personal_data,-0.053012,0.048056
personal_data:12,personal_data,-0.185832,0.251407
personal_data:13,personal_data,-0.318928,0.139104
personal_data:14,personal_data,-0.087178,0.302116
personal_data:15,personal_data,-0.154752,0.158364
personal_data:16,personal_data,-0.244414,0.268708
personal_data:17,personal_data,-0.136311,0.251369
personal_data:18,personal_data,-0.180877,0.360222
personal_data:19,personal_data,-0.068238,0.206126
personal_data:20,personal_data,0.022628,0.11212
personal_data:21,personal_data,-0.25744,0.289857
personal_data:22,personal_data,-0.184623,0.188848
personal_data:23,personal_data,-0.208536,0.313116
personal_data:24,personal_data,-0.014847,0.205923
personal_data:25,personal_data,0.117448,0.161807
personal_data:26,personal_data,-0.102236,0.219208
personal_data:27,personal_data,0.01736,0.138881
personal_data:28,personal_data,-0.065501,0.228786
personal_data:29,personal_data,-0.063418,0.067775
personal_data:30,personal_data,-0.217992,0.335749
personal_data:31,personal_data,-0.160756,0.228479
personal_data:32,personal_data,-0.075268,0.179113
personal_data:33,personal_data,0.291675,-0.04485
personal_data:34,personal_data,0.01904,0.077039
personal_data:35,personal_data,0.007548,0.175409
personal_data:36,personal_data,-0.030399,0.102233
personal_data:37,personal_data,-0.302403,0.040019
personal_data:38,personal_data,0.106477,0.091108
personal_data:39,personal_data,0.034029,0.343912
personal_data:40,personal_data,-0.137234,0.326318
personal_data:41,personal_data,-0.22085,0.0826
