model,query,rank,word,cosine
Word2Vec,данные,1,обрабатывать,0.4742
Word2Vec,данные,2,персональный,0.4657
Word2Vec,данные,3,контактный,0.4496
Word2Vec,данные,4,агрегированный,0.4361
Word2Vec,данные,5,восстановить,0.436
Word2Vec,данные,6,цифровой,0.4266
Word2Vec,данные,7,передавать,0.4255
Word2Vec,данные,8,содержать,0.4237
Word2Vec,связь,1,оператор,0.7612
Word2Vec,связь,2,сеть,0.695
Word2Vec,связь,3,сотовый,0.6347
Word2Vec,связь,4,эксплуатировать,0.5773
Word2Vec,связь,5,услуга,0.5601
Word2Vec,связь,6,телекоммуникация,0.5596
Word2Vec,связь,7,спутниковый,0.5518
Word2Vec,связь,8,магистральный,0.543
Word2Vec,интеллект,1,искусственный,0.9511
Word2Vec,интеллект,2,модель,0.585
Word2Vec,интеллект,3,система,0.579
Word2Vec,интеллект,4,синтетический,0.5172
Word2Vec,интеллект,5,способность,0.4665
Word2Vec,интеллект,6,интеллектуальный,0.4566
Word2Vec,интеллект,7,поведение,0.4396
Word2Vec,интеллект,8,обучение,0.4368
Word2Vec,кибербезопасности,1,обеспечение,0.6107
Word2Vec,кибербезопасности,2,координационный,0.5859
Word2Vec,кибербезопасности,3,центр,0.5477
Word2Vec,кибербезопасности,4,сфера,0.5452
Word2Vec,кибербезопасности,5,исследователь,0.5445
Word2Vec,кибербезопасности,6,цифровизации,0.5378
Word2Vec,кибербезопасности,7,инцидент,0.5299
Word2Vec,кибербезопасности,8,реагирование,0.5086
Word2Vec,согласие,1,персональный,0.4994
Word2Vec,согласие,2,отозвать,0.4843
Word2Vec,согласие,3,законный,0.4433
Word2Vec,согласие,4,надлежащий,0.4402
Word2Vec,согласие,5,произвести,0.4366
Word2Vec,согласие,6,тысяча,0.4354
Word2Vec,согласие,7,субъект,0.4271
Word2Vec,согласие,8,сбор,0.4197
Word2Vec,подпись,1,электронный,0.767
Word2Vec,подпись,2,ключ,0.7513
Word2Vec,подпись,3,удостоверить,0.6838
Word2Vec,подпись,4,закрытый,0.6716
Word2Vec,подпись,5,сертификат,0.6678
Word2Vec,подпись,6,подлинность,0.6511
Word2Vec,подпись,7,подписание,0.6111
Word2Vec,подпись,8,действительность,0.6047
fastText,данные,1,данными,0.5793
fastText,данные,2,данным,0.5441
fastText,данные,3,персональный,0.5179
fastText,данные,4,обрабатывать,0.5111
fastText,данные,5,обрабатываются,0.5028
fastText,данные,6,хранить,0.4812
fastText,данные,7,регистр,0.4779
fastText,данные,8,агрегированный,0.4742
fastText,связь,1,оператор,0.7447
fastText,связь,2,сотовый,0.7214
fastText,связь,3,сеть,0.7061
fastText,связь,4,абонентский,0.6356
fastText,связь,5,спутниковый,0.6057
fastText,связь,6,услуга,0.6022
fastText,связь,7,телекоммуникация,0.5853
fastText,связь,8,телекоммуникационный,0.561
fastText,интеллект,1,искусственный,0.9502
fastText,интеллект,2,интеллекта,0.8614
fastText,интеллект,3,интеллектуальный,0.7076
fastText,интеллект,4,искусственного,0.6857
fastText,интеллект,5,модель,0.6474
fastText,интеллект,6,система,0.6107
fastText,интеллект,7,синтетический,0.5636
fastText,интеллект,8,способность,0.4939
fastText,кибербезопасности,1,кибербезопасность,0.802
fastText,кибербезопасности,2,межотраслевой,0.5902
fastText,кибербезопасности,3,инцидент,0.59
fastText,кибербезопасности,4,обеспечение,0.5856
fastText,кибербезопасности,5,реагирование,0.5801
fastText,кибербезопасности,6,сфера,0.5788
fastText,кибербезопасности,7,координационный,0.5663
fastText,кибербезопасности,8,отраслевой,0.5633
fastText,согласие,1,несогласие,0.7336
fastText,согласие,2,персональный,0.5726
fastText,согласие,3,персональных,0.541
fastText,согласие,4,сбор,0.4992
fastText,согласие,5,отозвать,0.4945
fastText,согласие,6,отказаться,0.4551
fastText,согласие,7,сервис,0.4495
fastText,согласие,8,тысяча,0.4485
fastText,подпись,1,электронный,0.7609
fastText,подпись,2,ключ,0.7392
fastText,подпись,3,подписание,0.7043
fastText,подпись,4,подписать,0.7026
fastText,подпись,5,подписывать,0.6807
fastText,подпись,6,подлинность,0.6806
fastText,подпись,7,удостоверить,0.6646
fastText,подпись,8,подписываться,0.6439
GloVe,данные,1,персональный,0.9297
GloVe,данные,2,содержать,0.919
GloVe,данные,3,обработка,0.8925
GloVe,данные,4,хранение,0.8759
GloVe,данные,5,сбор,0.8666
GloVe,данные,6,распространение,0.845
GloVe,данные,7,данным,0.8121
GloVe,данные,8,контактный,0.7367
GloVe,связь,1,предоставлять,0.8898
GloVe,связь,2,защищенная,0.8353
GloVe,связь,3,оператор,0.8283
GloVe,связь,4,спутниковый,0.8259
GloVe,связь,5,обязанный,0.8148
GloVe,связь,6,услуга,0.8093
GloVe,связь,7,междугородный,0.8062
GloVe,связь,8,запрещаться,0.8035
GloVe,интеллект,1,искусственный,0.9953
GloVe,интеллект,2,видеомониторинга,0.9423
GloVe,интеллект,3,система,0.9212
GloVe,интеллект,4,риск,0.7716
GloVe,интеллект,5,модель,0.7569
GloVe,интеллект,6,платформа,0.7212
GloVe,интеллект,7,повременный,0.7111
GloVe,интеллект,8,централизованный,0.692
GloVe,кибербезопасности,1,обеспечение,0.9204
GloVe,кибербезопасности,2,центр,0.8792
GloVe,кибербезопасности,3,мониторинг,0.8554
GloVe,кибербезопасности,4,цифровизации,0.8365
GloVe,кибербезопасности,5,инцидент,0.8313
GloVe,кибербезопасности,6,исследователь,0.8247
GloVe,кибербезопасности,7,отрасль,0.8132
GloVe,кибербезопасности,8,сфера,0.7702
GloVe,согласие,1,квазигосударственный,0.8411
GloVe,согласие,2,сектор,0.8323
GloVe,согласие,3,субъект,0.823
GloVe,согласие,4,представитель,0.8011
GloVe,согласие,5,без,0.793
GloVe,согласие,6,хозяйствовать,0.742
GloVe,согласие,7,профилактический,0.7255
GloVe,согласие,8,сбор,0.7118
GloVe,подпись,1,электронный,0.9521
GloVe,подпись,2,ключ,0.8527
GloVe,подпись,3,сертификат,0.8216
GloVe,подпись,4,запись,0.8186
GloVe,подпись,5,важный,0.8178
GloVe,подпись,6,интеграция,0.8124
GloVe,подпись,7,критически,0.809
GloVe,подпись,8,подлинность,0.809
