model,equation,rank,word,cosine
Word2Vec,персональный - данные + информация,1,нравственность,0.4243
Word2Vec,персональный - данные + информация,2,доступ,0.4156
Word2Vec,персональный - данные + информация,3,обладатель,0.403
Word2Vec,персональный - данные + информация,4,закон,0.397
Word2Vec,персональный - данные + информация,5,приостановить,0.3941
Word2Vec,оператор - связь + данные,1,персональный,0.4717
Word2Vec,оператор - связь + данные,2,собственник,0.4696
Word2Vec,оператор - связь + данные,3,восстановить,0.4455
Word2Vec,оператор - связь + данные,4,агрегированный,0.4137
Word2Vec,оператор - связь + данные,5,обрабатываются,0.4127
Word2Vec,цифровой - среда + система,1,объект,0.5028
Word2Vec,цифровой - среда + система,2,искусственный,0.4533
Word2Vec,цифровой - среда + система,3,интеллект,0.4345
Word2Vec,цифровой - среда + система,4,архивирование,0.4204
Word2Vec,цифровой - среда + система,5,приобщение,0.4071
fastText,персональный - данные + информация,1,доступ,0.5081
fastText,персональный - данные + информация,2,персональных,0.4399
fastText,персональный - данные + информация,3,незаконный,0.4337
fastText,персональный - данные + информация,4,круглосуточный,0.4326
fastText,персональный - данные + информация,5,защита,0.4114
fastText,оператор - связь + данные,1,персональный,0.5499
fastText,оператор - связь + данные,2,обрабатывать,0.514
fastText,оператор - связь + данные,3,обрабатываются,0.5078
fastText,оператор - связь + данные,4,данным,0.4949
fastText,оператор - связь + данные,5,данными,0.4917
fastText,цифровой - среда + система,1,объект,0.5616
fastText,цифровой - среда + система,2,интеллект,0.4494
fastText,цифровой - среда + система,3,кибербезопасность,0.4326
fastText,цифровой - среда + система,4,искусственный,0.4182
fastText,цифровой - среда + система,5,владелец,0.4181
GloVe,персональный - данные + информация,1,обладатель,0.8634
GloVe,персональный - данные + информация,2,доступ,0.8083
GloVe,персональный - данные + информация,3,ограничить,0.7927
GloVe,персональный - данные + информация,4,ограничение,0.7849
GloVe,персональный - данные + информация,5,беспрепятственный,0.7627
GloVe,оператор - связь + данные,1,персональный,0.8482
GloVe,оператор - связь + данные,2,содержать,0.8389
GloVe,оператор - связь + данные,3,обработка,0.8255
GloVe,оператор - связь + данные,4,сбор,0.8126
GloVe,оператор - связь + данные,5,хранение,0.7889
GloVe,цифровой - среда + система,1,интеллект,0.8039
GloVe,цифровой - среда + система,2,искусственный,0.7814
GloVe,цифровой - среда + система,3,видеомониторинга,0.7412
GloVe,цифровой - среда + система,4,оплата,0.6911
GloVe,цифровой - среда + система,5,централизованный,0.6886
