article_id,document_id,document_title,article_number,article_title,clean_word_count
personal_data:1,personal_data,О персональных данных и их защите,1,"Основные понятия, используемые в настоящем Законе",468
personal_data:2,personal_data,О персональных данных и их защите,2,Цель настоящего Закона,12
personal_data:3,personal_data,О персональных данных и их защите,3,Действие настоящего Закона,111
personal_data:4,personal_data,О персональных данных и их защите,4,Законодательство Республики Казахстан о персональных данных и их защите,31
personal_data:5,personal_data,О персональных данных и их защите,5,"Принципы сбора, обработки и защиты персональных данных",32
personal_data:6,personal_data,О персональных данных и их защите,6,Доступность персональных данных,144
personal_data:7,personal_data,О персональных данных и их защите,7,"Условия сбора, обработки персональных данных и особенности сбора, обработки персональных данных",348
personal_data:8,personal_data,О персональных данных и их защите,8,"Порядок дачи (отзыва) согласия субъекта на сбор, обработку персональных данных",201
personal_data:9,personal_data,О персональных данных и их защите,8-1,Государственный сервис,179
personal_data:10,personal_data,О персональных данных и их защите,8-2,Негосударственный сервис,63
personal_data:11,personal_data,О персональных данных и их защите,9,"Сбор, обработка персональных данных без согласия субъекта",299
personal_data:12,personal_data,О персональных данных и их защите,10,Доступ к персональным данным,100
personal_data:13,personal_data,О персональных данных и их защите,10-1,Уведомление о начале обработки и прекращении обработки персональных данных,188
personal_data:14,personal_data,О персональных данных и их защите,11,Конфиденциальность персональных данных,48
personal_data:15,personal_data,О персональных данных и их защите,12,Накопление и хранение персональных данных,43
personal_data:16,personal_data,О персональных данных и их защите,13,Изменение и дополнение персональных данных,18
personal_data:17,personal_data,О персональных данных и их защите,14,Использование персональных данных,11
personal_data:18,personal_data,О персональных данных и их защите,15,Распространение персональных данных,29
personal_data:19,personal_data,О персональных данных и их защите,16,Трансграничная передача персональных данных,103
personal_data:20,personal_data,О персональных данных и их защите,17,Обезличивание персональных данных,81
personal_data:21,personal_data,О персональных данных и их защите,18,"Уничтожение, удаление персональных данных",67
personal_data:22,personal_data,О персональных данных и их защите,19,Сообщение о действиях с персональными данными,49
personal_data:23,personal_data,О персональных данных и их защите,19-1,Требования к автоматизированной обработке персональных данных,89
personal_data:24,personal_data,О персональных данных и их защите,20,Гарантия защиты персональных данных,18
personal_data:25,personal_data,О персональных данных и их защите,21,Цели защиты персональных данных,32
personal_data:26,personal_data,О персональных данных и их защите,22,"Обязанности собственника и (или) оператора, а также третьего лица по защите персональных данных",101
personal_data:27,personal_data,О персональных данных и их защите,23,"Защита цифровых объектов, содержащих персональные данные",56
personal_data:28,personal_data,О персональных данных и их защите,23-1,Добровольное киберстрахование,34
personal_data:29,personal_data,О персональных данных и их защите,23-2,Реестр нарушений безопасности персональных данных,64
personal_data:30,personal_data,О персональных данных и их защите,24,Права и обязанности субъекта,134
personal_data:31,personal_data,О персональных данных и их защите,25,"Права и обязанности собственника и (или) оператора, лица, ответственного за организацию обработки персональных данных",300
personal_data:32,personal_data,О персональных данных и их защите,25-1,"Классификация собственников и (или) операторов, а также третьих лиц, осуществляющих обработку персональных данных",109
personal_data:33,personal_data,О персональных данных и их защите,26,Компетенция Правительства Республики Казахстан,11
personal_data:34,personal_data,О персональных данных и их защите,27,"Компетенция центральных государственных органов и местных исполнительных органов областей, городов республиканского значения и столицы",149
personal_data:35,personal_data,О персональных данных и их защите,27-1,Компетенция уполномоченного органа,257
personal_data:36,personal_data,О персональных данных и их защите,27-2,Государственный контроль за соблюдением законодательства Республики Казахстан о персональных данных и их защите,66
personal_data:37,personal_data,О персональных данных и их защите,27-3,Порядок проведения государственного контроля за соблюдением законодательства Республики Казахстан о персональных данных и их защите в отношении государственных органов,1030
personal_data:38,personal_data,О персональных данных и их защите,28,Надзор за применением настоящего Закона,32
personal_data:39,personal_data,О персональных данных и их защите,29,Ответственность за нарушение законодательства Республики Казахстан о персональных данных и их защите,12
personal_data:40,personal_data,О персональных данных и их защите,30,Порядок обжалования и рассмотрения споров,30
personal_data:41,personal_data,О персональных данных и их защите,31,Порядок введения в действие настоящего Закона,53
cybersecurity:1,cybersecurity,О кибербезопасности,1,"Основные понятия, используемые в настоящем Законе",584
cybersecurity:2,cybersecurity,О кибербезопасности,2,Законодательство Республики Казахстан о кибербезопасности,39
cybersecurity:3,cybersecurity,О кибербезопасности,3,Сфера действия настоящего Закона,22
cybersecurity:4,cybersecurity,О кибербезопасности,4,Цель и принципы государственного регулирования общественных отношений в сфере кибербезопасности,81
cybersecurity:5,cybersecurity,О кибербезопасности,5,Задачи государственного регулирования в сфере обеспечения кибербезопасности,84
cybersecurity:6,cybersecurity,О кибербезопасности,6,Компетенция Правительства Республики Казахстан в сфере обеспечения кибербезопасности,54
cybersecurity:8,cybersecurity,О кибербезопасности,7-1,Компетенция уполномоченного органа,456
cybersecurity:9,cybersecurity,О кибербезопасности,7-2,"Компетенция центральных исполнительных органов и государственных органов, непосредственно подчиненных и подотчетных Президенту Республики Казахстан, в сфере обеспечения кибербезопасности",95
cybersecurity:10,cybersecurity,О кибербезопасности,7-3,Компетенция местных исполнительных органов в сфере обеспечения кибербезопасности,103
cybersecurity:11,cybersecurity,О кибербезопасности,7-4,Государственный оперативный центр кибербезопасности,136
cybersecurity:12,cybersecurity,О кибербезопасности,7-5,Центр обеспечения кибербезопасности,305
cybersecurity:14,cybersecurity,О кибербезопасности,7-7,Национальная служба реагирования на компьютерные инциденты кибербезопасности,85
cybersecurity:15,cybersecurity,О кибербезопасности,7-8,Служба реагирования на инциденты кибербезопасности,140
cybersecurity:17,cybersecurity,О кибербезопасности,9,Национальный координационный центр кибербезопасности,75
cybersecurity:19,cybersecurity,О кибербезопасности,10,Отраслевой центр кибербезопасности,201
cybersecurity:27,cybersecurity,О кибербезопасности,13-5,Хостинг-провайдер,69
cybersecurity:28,cybersecurity,О кибербезопасности,14,Государственная техническая служба,230
cybersecurity:29,cybersecurity,О кибербезопасности,14-1,Национальный институт развития в сфере обеспечения кибербезопасности,42
cybersecurity:30,cybersecurity,О кибербезопасности,15,Единый контакт-центр,17
cybersecurity:31,cybersecurity,О кибербезопасности,16,Права и обязанности собственников цифровых объектов,111
cybersecurity:32,cybersecurity,О кибербезопасности,17,Права и обязанности владельца цифровых объектов,96
cybersecurity:33,cybersecurity,О кибербезопасности,18,Обязанности собственника и (или) владельца критически важных цифровых объектов,198
cybersecurity:38,cybersecurity,О кибербезопасности,20-1,Использование простой электронной подписи,104
cybersecurity:47,cybersecurity,О кибербезопасности,28-1,Исследователь кибербезопасности,69
cybersecurity:48,cybersecurity,О кибербезопасности,28-2,Лицензирование в сфере обеспечения кибербезопасности,29
cybersecurity:49,cybersecurity,О кибербезопасности,29,Единая транспортная среда государственных органов,102
cybersecurity:50,cybersecurity,О кибербезопасности,30,"Единый шлюз доступа к Интернету и единый шлюз электронной почты ""цифрового правительства""",151
cybersecurity:51,cybersecurity,О кибербезопасности,30-1,Национальная система видеомониторинга,229
cybersecurity:52,cybersecurity,О кибербезопасности,30-2,Журналирование цифровых событий,50
cybersecurity:61,cybersecurity,О кибербезопасности,38,"Требования кибербезопасности к цифровому объекту ""цифрового правительства",217
cybersecurity:67,cybersecurity,О кибербезопасности,42,"Обязательные требования к средствам обработки, хранения и резервного копирования цифровых ресурсов в цифровой инфраструктуре ""цифрового правительства""",116
cybersecurity:69,cybersecurity,О кибербезопасности,44,"Требования к негосударственной информационной системе, интегрируемой с информационной системой государственного органа",11
cybersecurity:71,cybersecurity,О кибербезопасности,49,Испытания на соответствие требованиям кибербезопасности,132
cybersecurity:72,cybersecurity,О кибербезопасности,50,Аудит кибербезопасности,59
cybersecurity:74,cybersecurity,О кибербезопасности,52,Подтверждение соответствия в цифровой среде,16
cybersecurity:75,cybersecurity,О кибербезопасности,53,Цели защиты цифровых объектов,148
cybersecurity:76,cybersecurity,О кибербезопасности,54,Организация защиты цифровых объектов,367
cybersecurity:77,cybersecurity,О кибербезопасности,54-1,Единые требования в сферах цифровизации и обеспечения кибербезопасности,87
cybersecurity:78,cybersecurity,О кибербезопасности,55,Меры защиты цифровых объектов,138
cybersecurity:79,cybersecurity,О кибербезопасности,56,"Защита цифровых ресурсов, содержащих персональные данные",39
cybersecurity:80,cybersecurity,О кибербезопасности,56-1,Защита доменных имен в пространстве казахстанского сегмента Интернета,24
cybersecurity:83,cybersecurity,О кибербезопасности,59,Согласование технической документации и документации по проектам государственно-частного партнерства в сферах цифровой среды и обеспечения кибербезопасности,80
cybersecurity:84,cybersecurity,О кибербезопасности,60,"Заключение уполномоченного органа на расчеты расходов на государственные закупки товаров, работ и услуг в сфере информатизации",12
cybersecurity:85,cybersecurity,О кибербезопасности,60-1,Государственный контроль в сфере цифровизации,80
cybersecurity:86,cybersecurity,О кибербезопасности,60-2,Порядок проведения профилактического контроля без посещения субъекта (объекта) контроля в сфере цифровизации,247
cybersecurity:87,cybersecurity,О кибербезопасности,60-3,Порядок проведения государственного контроля в сфере цифровизации в отношении государственных органов,1131
cybersecurity:88,cybersecurity,О кибербезопасности,60-4,Государственный контроль за соблюдением требований к электронному документу и электронной цифровой подписи,78
cybersecurity:89,cybersecurity,О кибербезопасности,60-5,Порядок проведения государственного контроля в отношении государственных органов за соблюдением требований к электронному документу и электронной цифровой подписи,1003
cybersecurity:90,cybersecurity,О кибербезопасности,61,Государственная поддержка развития отрасли кибербезопасности,142
cybersecurity:91,cybersecurity,О кибербезопасности,61-1,Офтейк-контракты в сфере обеспечения кибербезопасности,79
cybersecurity:92,cybersecurity,О кибербезопасности,62,Кадровое и научное обеспечение сферы цифровых технологий,61
cybersecurity:93,cybersecurity,О кибербезопасности,63,Международное сотрудничество в сфере кибербезопасности,203
cybersecurity:97,cybersecurity,О кибербезопасности,65,Ответственность за нарушение законодательства Республики Казахстан о кибербезопасности,11
cybersecurity:99,cybersecurity,О кибербезопасности,67,Порядок введения в действие настоящего Закона,22
digital_code:1,digital_code,Цифровой кодекс Республики Казахстан,1,"Отношения, регулируемые настоящим Кодексом",110
digital_code:2,digital_code,Цифровой кодекс Республики Казахстан,2,Цифровое законодательство Республики Казахстан,53
digital_code:3,digital_code,Цифровой кодекс Республики Казахстан,3,Цель и задачи цифрового законодательства Республики Казахстан,60
digital_code:4,digital_code,Цифровой кодекс Республики Казахстан,4,Принципы цифрового законодательства Республики Казахстан,56
digital_code:5,digital_code,Цифровой кодекс Республики Казахстан,5,"Соблюдение прав, свобод и законных интересов человека в цифровой среде",58
digital_code:6,digital_code,Цифровой кодекс Республики Казахстан,6,"Безопасность человека, общества и государства при применении цифровых технологий",37
digital_code:7,digital_code,Цифровой кодекс Республики Казахстан,7,Свобода обращения цифровых данных,41
digital_code:8,digital_code,Цифровой кодекс Республики Казахстан,8,"Свобода создания, развития и применения цифровых технологий",48
digital_code:9,digital_code,Цифровой кодекс Республики Казахстан,9,Баланс частных и публичных интересов,46
digital_code:10,digital_code,Цифровой кодекс Республики Казахстан,10,Доступность и инклюзивность цифровой среды,38
digital_code:11,digital_code,Цифровой кодекс Республики Казахстан,11,Пропорциональное и обоснованное участие государства в цифровой среде,38
digital_code:12,digital_code,Цифровой кодекс Республики Казахстан,12,Технологическая нейтральность правового регулирования,36
digital_code:13,digital_code,Цифровой кодекс Республики Казахстан,13,Цифровая этика и социальная ответственность,50
digital_code:14,digital_code,Цифровой кодекс Республики Казахстан,14,Компетенция уполномоченного органа в сфере цифровизации,83
digital_code:15,digital_code,Цифровой кодекс Республики Казахстан,15,Компетенция государственных органов в сфере цифровизации,44
digital_code:16,digital_code,Цифровой кодекс Республики Казахстан,16,Цифровые данные,103
digital_code:17,digital_code,Цифровой кодекс Республики Казахстан,17,Открытые данные,168
digital_code:18,digital_code,Цифровой кодекс Республики Казахстан,18,Административные цифровые данные,91
digital_code:19,digital_code,Цифровой кодекс Республики Казахстан,19,Национальные регистры,134
digital_code:20,digital_code,Цифровой кодекс Республики Казахстан,20,Цифровые объекты и их виды,100
digital_code:21,digital_code,Цифровой кодекс Республики Казахстан,21,Цифровые записи,141
digital_code:22,digital_code,Цифровой кодекс Республики Казахстан,22,Цифровые активы,69
digital_code:23,digital_code,Цифровой кодекс Республики Казахстан,23,Программное обеспечение,114
digital_code:24,digital_code,Цифровой кодекс Республики Казахстан,24,Цифровые ресурсы,158
digital_code:25,digital_code,Цифровой кодекс Республики Казахстан,25,Объекты цифровой инфраструктуры,83
digital_code:26,digital_code,Цифровой кодекс Республики Казахстан,26,Распределенные цифровые объекты,105
digital_code:27,digital_code,Цифровой кодекс Республики Казахстан,27,Центры обработки данных,80
digital_code:28,digital_code,Цифровой кодекс Республики Казахстан,28,Цифровые системы,125
digital_code:29,digital_code,Цифровой кодекс Республики Казахстан,29,Цифровые платформы,162
digital_code:30,digital_code,Цифровой кодекс Республики Казахстан,30,Продукт цифровых данных,97
digital_code:31,digital_code,Цифровой кодекс Республики Казахстан,31,Платформы обмена и оборота продуктов цифровых данных,249
digital_code:32,digital_code,Цифровой кодекс Республики Казахстан,32,Доверенные цифровые объекты,145
digital_code:33,digital_code,Цифровой кодекс Республики Казахстан,33,Критически важные цифровые объекты,113
digital_code:34,digital_code,Цифровой кодекс Республики Казахстан,34,Национальные цифровые объекты,96
digital_code:35,digital_code,Цифровой кодекс Республики Казахстан,35,Цифровой кондоминиум,106
digital_code:36,digital_code,Цифровой кодекс Республики Казахстан,36,Виды субъектов цифровой среды,47
digital_code:37,digital_code,Цифровой кодекс Республики Казахстан,37,Субъекты цифровых данных,88
digital_code:38,digital_code,Цифровой кодекс Республики Казахстан,38,Собственники и (или) владельцы цифровых объектов,91
digital_code:39,digital_code,Цифровой кодекс Республики Казахстан,39,Пользователи цифровых объектов,106
digital_code:40,digital_code,Цифровой кодекс Республики Казахстан,40,Право на цифровую идентичность и ее защиту,93
digital_code:41,digital_code,Цифровой кодекс Республики Казахстан,41,"Право на удаление, анонимизацию и ограничение обработки персональных данных",165
digital_code:42,digital_code,Цифровой кодекс Республики Казахстан,42,Цифровая доступность и права лиц с инвалидностью в цифровой среде,67
digital_code:43,digital_code,Цифровой кодекс Республики Казахстан,43,Права субъектов цифровой среды при использовании алгоритмических систем и полностью автоматизированных решений,126
digital_code:44,digital_code,Цифровой кодекс Республики Казахстан,44,"Возникновение, осуществление и прекращение прав в цифровой среде",72
digital_code:45,digital_code,Цифровой кодекс Республики Казахстан,45,Идентификаторы цифровых данных,120
digital_code:46,digital_code,Цифровой кодекс Республики Казахстан,46,Цифровая аутентификация,96
digital_code:47,digital_code,Цифровой кодекс Республики Казахстан,47,Цифровое подтверждение,88
digital_code:48,digital_code,Цифровой кодекс Республики Казахстан,48,Биометрическая аутентификация,176
digital_code:49,digital_code,Цифровой кодекс Республики Казахстан,49,Электронная цифровая подпись,139
digital_code:50,digital_code,Цифровой кодекс Республики Казахстан,50,Средства электронной цифровой подписи,167
digital_code:51,digital_code,Цифровой кодекс Республики Казахстан,51,Ключи электронной цифровой подписи,78
digital_code:52,digital_code,Цифровой кодекс Республики Казахстан,52,Удостоверяющий центр,154
digital_code:53,digital_code,Цифровой кодекс Республики Казахстан,53,Специальный удостоверяющий центр,132
digital_code:54,digital_code,Цифровой кодекс Республики Казахстан,54,Аккредитация удостоверяющего центра,68
digital_code:55,digital_code,Цифровой кодекс Республики Казахстан,55,Функции удостоверяющего центра,244
digital_code:56,digital_code,Цифровой кодекс Республики Казахстан,56,Прекращение деятельности удостоверяющего центра,95
digital_code:57,digital_code,Цифровой кодекс Республики Казахстан,57,Признание иностранной электронной цифровой подписи,57
digital_code:58,digital_code,Цифровой кодекс Республики Казахстан,58,Права и обязанности владельца сертификата открытого ключа электронной цифровой подписи,134
digital_code:59,digital_code,Цифровой кодекс Республики Казахстан,59,Отзыв сертификата открытого ключа электронной цифровой подписи,107
digital_code:60,digital_code,Цифровой кодекс Республики Казахстан,60,Отказ в выдаче сертификата открытого ключа электронной цифровой подписи,26
digital_code:61,digital_code,Цифровой кодекс Республики Казахстан,61,Формирование и проверка подлинности электронной цифровой подписи,113
digital_code:62,digital_code,Цифровой кодекс Республики Казахстан,62,Электронный документ,146
digital_code:63,digital_code,Цифровой кодекс Республики Казахстан,63,Цифровые документы,83
digital_code:64,digital_code,Цифровой кодекс Республики Казахстан,64,Цифровые сведения,76
digital_code:65,digital_code,Цифровой кодекс Республики Казахстан,65,Цифровой архив,84
digital_code:66,digital_code,Цифровой кодекс Республики Казахстан,66,Извещение субъектов цифровой среды,54
digital_code:67,digital_code,Цифровой кодекс Республики Казахстан,67,Смарт-контракты,110
digital_code:68,digital_code,Цифровой кодекс Республики Казахстан,68,Цифровая архитектура государства,138
digital_code:69,digital_code,Цифровой кодекс Республики Казахстан,69,"Архитектура ""цифрового правительства""",44
digital_code:70,digital_code,Цифровой кодекс Республики Казахстан,70,Смарт-города и смарт-регионы,36
digital_code:71,digital_code,Цифровой кодекс Республики Казахстан,71,Архитектурный портал цифровых объектов государства,125
digital_code:72,digital_code,Цифровой кодекс Республики Казахстан,72,Архитектурно-координационный центр,271
digital_code:73,digital_code,Цифровой кодекс Республики Казахстан,73,Цифровизация деятельности государственных органов,128
digital_code:74,digital_code,Цифровой кодекс Республики Казахстан,74,"Оператор ""цифрового правительства""",277
digital_code:75,digital_code,Цифровой кодекс Республики Казахстан,75,"Веб-портал ""цифрового правительства""",221
digital_code:76,digital_code,Цифровой кодекс Республики Казахстан,76,Цифровое событие,57
digital_code:77,digital_code,Цифровой кодекс Республики Казахстан,77,Цифровое пространство гражданина Республики Казахстан,74
digital_code:78,digital_code,Цифровой кодекс Республики Казахстан,78,Открытое правительство,39
digital_code:79,digital_code,Цифровой кодекс Республики Казахстан,79,Единая платформа цифровых ресурсов государственных органов,38
digital_code:80,digital_code,Цифровой кодекс Республики Казахстан,80,"Платежный шлюз ""цифрового правительства""",68
digital_code:81,digital_code,Цифровой кодекс Республики Казахстан,81,Единая транспортная среда государственных органов,102
digital_code:82,digital_code,Цифровой кодекс Республики Казахстан,82,"Платформа ""цифрового правительства""",185
digital_code:83,digital_code,Цифровой кодекс Республики Казахстан,83,Интеграция цифровых объектов,214
digital_code:84,digital_code,Цифровой кодекс Республики Казахстан,84,"Жизненный цикл цифрового объекта ""цифрового правительства"" и его этапы",59
digital_code:85,digital_code,Цифровой кодекс Республики Казахстан,85,"Планирование, создание и развитие цифрового объекта ""цифрового правительства""",135
digital_code:86,digital_code,Цифровой кодекс Республики Казахстан,86,"Проведение опытной эксплуатации и испытания цифрового объекта ""цифрового правительства""",55
digital_code:87,digital_code,Цифровой кодекс Республики Казахстан,87,"Ввод в промышленную эксплуатацию цифрового объекта ""цифрового правительства""",127
digital_code:88,digital_code,Цифровой кодекс Республики Казахстан,88,"Модификация цифрового объекта ""цифрового правительства""",73
digital_code:89,digital_code,Цифровой кодекс Республики Казахстан,89,"Прекращение промышленной эксплуатации цифрового объекта ""цифрового правительства""",52
digital_code:90,digital_code,Цифровой кодекс Республики Казахстан,90,"Архивирование и списание цифрового объекта ""цифрового правительства""",59
digital_code:91,digital_code,Цифровой кодекс Республики Казахстан,91,"Технологически сложные цифровые объекты ""цифрового правительства""",53
digital_code:92,digital_code,Цифровой кодекс Республики Казахстан,92,Порядок создания и развития цифровых объектов органов национальной безопасности Республики Казахстан,96
digital_code:93,digital_code,Цифровой кодекс Республики Казахстан,93,Цифровая трансформация,122
digital_code:94,digital_code,Цифровой кодекс Республики Казахстан,94,Национальный институт развития в сфере цифровизации,70
digital_code:95,digital_code,Цифровой кодекс Республики Казахстан,95,Индекс цифрового развития,72
digital_code:96,digital_code,Цифровой кодекс Республики Казахстан,96,"Государственный контроль в сфере цифровизации, а также в сфере электронного документа и электронной цифровой подписи",134
digital_code:97,digital_code,Цифровой кодекс Республики Казахстан,97,Кибербезопасность,35
digital_code:98,digital_code,Цифровой кодекс Республики Казахстан,98,Обеспечение защиты цифровых данных,42
digital_code:99,digital_code,Цифровой кодекс Республики Казахстан,99,Испытания и аудит цифровых объектов на соответствие требованиям кибербезопасности,72
digital_code:100,digital_code,Цифровой кодекс Республики Казахстан,100,Аудит качества цифровых объектов,96
digital_code:101,digital_code,Цифровой кодекс Республики Казахстан,101,Цели международного сотрудничества Республики Казахстан в сфере цифровизации,20
digital_code:102,digital_code,Цифровой кодекс Республики Казахстан,102,Принципы международного сотрудничества Республики Казахстан в сфере цифровизации,43
digital_code:103,digital_code,Цифровой кодекс Республики Казахстан,103,Основные направления международного сотрудничества Республики Казахстан в сфере цифровизации,31
digital_code:104,digital_code,Цифровой кодекс Республики Казахстан,104,Разрешение споров в сфере цифровизации,15
digital_code:105,digital_code,Цифровой кодекс Республики Казахстан,105,Ответственность за нарушение цифрового законодательства Республики Казахстан,23
digital_code:106,digital_code,Цифровой кодекс Республики Казахстан,106,Порядок введения в действие настоящего Кодекса и переходные положения,27
communications:1,communications,О связи,1,Назначение связи,41
communications:2,communications,О связи,2,"Основные понятия, используемые в настоящем Законе",2225
communications:3,communications,О связи,3,Законодательство Республики Казахстан в области связи,51
communications:4,communications,О связи,4,Государственное регулирование и контроль за деятельностью в области связи,94
communications:5,communications,О связи,5,Основные принципы государственного регулирования деятельности в области связи,83
communications:6,communications,О связи,6,Цель и задачи государственного регулирования и контроля за деятельностью в области связи,60
communications:7,communications,О связи,7,Компетенция Правительства Республики Казахстан,54
communications:8,communications,О связи,8,Компетенция уполномоченного органа и его территориальных подразделений,859
communications:9,communications,О связи,8-1,Компетенция уполномоченного органа в сфере обеспечения кибербезопасности,47
communications:10,communications,О связи,9,Радиочастотные органы Республики Казахстан,217
communications:11,communications,О связи,9-1,Государственная монополия в области связи,160
communications:12,communications,О связи,9-2,Государственная монополия в сфере обеспечения кибербезопасности на сетях связи,97
communications:13,communications,О связи,10,Компетенция местных исполнительных органов,154
communications:14,communications,О связи,11,Регулирование использования радиочастотного спектра и орбитальных позиций спутников связи,253
communications:15,communications,О связи,12,"Общие положения по распределению, перераспределению (переустройству использования) радиочастотного спектра, выделению и присвоению (назначению) полос частот, радиочастот (радиочастотных каналов)",851
communications:16,communications,О связи,13,Распределение и регулирование использования ресурса нумерации и выделение номеров,20
communications:17,communications,О связи,14,"Управление сетями связи при чрезвычайных ситуациях, введении чрезвычайного положения",195
communications:18,communications,О связи,15,"Взаимодействие операторов связи, оператора централизованной базы данных абонентских номеров, оператора базы данных идентификационных кодов абонентских устройств сотовой связи с органами, осуществляющими оперативно-розыскную, контрразведывательную деятельность",287
communications:19,communications,О связи,15-1,"Взаимодействие операторов связи с государственными органами, использующими специальное техническое оборудование для блокирования радиосигнала либо выявления и (или)пресечения несанкционированного использования абонентских устройств",94
communications:20,communications,О связи,15-2,Взаимодействие операторов связи с судебными исполнителями,20
communications:21,communications,О связи,15-3,Взаимодействие операторов связи с государственными органами и государственной радиочастотной службой,126
communications:22,communications,О связи,15-4,Взаимодействие операторов сотовой связи с антифрод-центром Национального Банка Республики Казахстан,157
communications:23,communications,О связи,16,Подтверждение соответствия технических средств связи,28
communications:24,communications,О связи,16-1,Уведомление о начале или прекращении деятельности по оказанию услуг связи,84
communications:25,communications,О связи,16-2,Уведомление о начале или прекращении эксплуатации радиоэлектронных средств и (или) высокочастотных устройств,80
communications:26,communications,О связи,17,Лицензирование деятельности в области связи,13
communications:27,communications,О связи,17-1,Порядок ввоза радиоэлектронных средств и высокочастотных устройств,133
communications:28,communications,О связи,18,Распределение национальных ресурсов в области связи на конкурсной основе,147
communications:30,communications,О связи,20,Тарифы на услуги связи,131
communications:31,communications,О связи,21,Единая сеть телекоммуникаций Республики Казахстан,801
communications:35,communications,О связи,23,"Сети связи для нужд уполномоченных государственных органов, органов военного управления, национальной безопасности и внутренних дел Республики Казахстан",343
communications:36,communications,О связи,23-1,Служебная информация об абонентах сетей связи,94
communications:37,communications,О связи,24,Почтовая связь,69
communications:38,communications,О связи,25,Присоединение сетей телекоммуникаций,224
communications:39,communications,О связи,26,Особенности присоединения сетей телекоммуникаций операторами связи,371
communications:40,communications,О связи,27,Охранные зоны сетей связи,62
communications:41,communications,О связи,28,"Защита и охрана средств связи, сооружений и сетей связи, радиочастотного спектра и орбитальных позиций спутников связи",107
communications:42,communications,О связи,28-1,Государственный контроль в области связи,47
communications:46,communications,О связи,28-5,Порядок проведения радиоконтроля,511
communications:47,communications,О связи,28-6,Права владельцев радиоэлектронных средств и высокочастотных устройств,54
communications:48,communications,О связи,28-7,Обязанности владельцев радиоэлектронных средств и высокочастотных устройств,78
communications:49,communications,О связи,28-8,"Мониторинг радиочастотного спектра, радиоэлектронных средств и (или)высокочастотных устройств",110
communications:50,communications,О связи,29,Развитие сетей связи,375
communications:51,communications,О связи,29-1,Предоставление в пользование прямого провода,36
communications:52,communications,О связи,29-2,Предоставление в пользование сетей телекоммуникаций для системы экстренного вызова при авариях и катастрофах,33
communications:53,communications,О связи,29-3,Телекоммуникационная инфраструктура центров обработки данных,36
communications:54,communications,О связи,30,Использование транспортных средств,207
communications:55,communications,О связи,31,Предоставление и использование земель связи,301
communications:56,communications,О связи,31-1,Предоставление субъектами естественных монополий кабельной канализации,36
communications:57,communications,О связи,32,Универсальные услуги связи,87
communications:58,communications,О связи,33,Оператор универсального обслуживания,85
communications:59,communications,О связи,34,Субсидирование услуг связи,90
communications:60,communications,О связи,35,Качество услуг связи,156
communications:61,communications,О связи,36,Защита прав пользователей услугами связи,452
communications:62,communications,О связи,36-1,Перенос абонентского номера в сетях сотовой связи,203
communications:63,communications,О связи,36-2,"Верификация, регистрация и перерегистрация абонентских устройств сотовой связи",371
communications:64,communications,О связи,37,Использование языков и алфавитов в деятельности операторов связи,91
communications:65,communications,О связи,38,Учетно-отчетное время в области связи,53
communications:66,communications,О связи,39,Международное сотрудничество,27
communications:67,communications,О связи,39-1,Порядок использования абонентского номера при получении услуг в электронной форме посредством абонентского устройства сотовой связи,59
communications:68,communications,О связи,39-2,Оказание услуг связи,85
communications:69,communications,О связи,39-3,Система управления рисками и внутреннего контроля,48
communications:70,communications,О связи,40,Ответственность операторов и пользователей услугами связи,301
communications:71,communications,О связи,41,Ответственность за нарушение законодательства Республики Казахстан в области связи,12
communications:72,communications,О связи,41-1,Порядок приостановления работы сетей и (или) средств связи,838
communications:73,communications,О связи,42,О порядке введения в действие настоящего Закона,32
access_to_information:1,access_to_information,О доступе к информации,1,"Основные понятия, используемые в настоящем Законе",391
access_to_information:2,access_to_information,О доступе к информации,2,Законодательство Республики Казахстан о доступе к информации,31
access_to_information:3,access_to_information,О доступе к информации,3,Сфера применения настоящего Закона,72
access_to_information:4,access_to_information,О доступе к информации,4,Основные цель и задачи обеспечения доступа к информации,72
access_to_information:5,access_to_information,О доступе к информации,4-1,Основные принципы обеспечения доступа к информации,73
access_to_information:6,access_to_information,О доступе к информации,5,Ограничение права на доступ к информации,57
access_to_information:7,access_to_information,О доступе к информации,6,"Общественно значимая информация, доступ к которой не подлежит ограничению",174
access_to_information:8,access_to_information,О доступе к информации,6-1,Компетенция Правительства Республики Казахстан в области доступа к информации,13
access_to_information:9,access_to_information,О доступе к информации,6-2,Компетенция уполномоченных органов,236
access_to_information:10,access_to_information,О доступе к информации,7,Права и обязанности пользователя информации,56
access_to_information:11,access_to_information,О доступе к информации,8,Обладатель информации,94
access_to_information:12,access_to_information,О доступе к информации,9,Права и обязанности обладателя информации,251
access_to_information:13,access_to_information,О доступе к информации,10,Способы обеспечения доступа к информации,72
access_to_information:14,access_to_information,О доступе к информации,11,Предоставление информации по запросу,636
access_to_information:15,access_to_information,О доступе к информации,12,"Размещение информации в помещениях, занимаемых обладателями информации",58
access_to_information:16,access_to_information,О доступе к информации,13,Обеспечение доступа к открытым заседаниям,160
access_to_information:17,access_to_information,О доступе к информации,14,"Отчеты руководителей центральных исполнительных органов, акимов и руководителей национальных высших учебных заведений",33
access_to_information:18,access_to_information,О доступе к информации,15,Размещение информации в средствах массовой информации,10
access_to_information:19,access_to_information,О доступе к информации,16,Размещение информации на интернет-ресурсах,1419
access_to_information:20,access_to_information,О доступе к информации,17,"Размещение информации на веб-портале ""цифрового правительства""",275
access_to_information:21,access_to_information,О доступе к информации,17-1,Стандарт открытости обладателей информации,21
access_to_information:22,access_to_information,О доступе к информации,17-2,Обеспечение доступа лиц с инвалидностью к информации,114
access_to_information:23,access_to_information,О доступе к информации,18,Обжалование незаконного ограничения права на доступ к информации,34
access_to_information:24,access_to_information,О доступе к информации,19,Комиссия по вопросам доступа к информации,77
access_to_information:25,access_to_information,О доступе к информации,19-1,Государственный контроль в области доступа к информации,1599
access_to_information:26,access_to_information,О доступе к информации,20,Ответственность за нарушение законодательства Республики Казахстан о доступе к информации,12
access_to_information:27,access_to_information,О доступе к информации,21,Порядок введения в действие настоящего Закона,24
artificial_intelligence:1,artificial_intelligence,Об искусственном интеллекте,1,"Основные понятия, используемые в настоящем Законе",247
artificial_intelligence:2,artificial_intelligence,Об искусственном интеллекте,2,Законодательство Республики Казахстан в сфере искусственного интеллекта,41
artificial_intelligence:3,artificial_intelligence,Об искусственном интеллекте,3,Основные цели и задачи государственного регулирования общественных отношений в сфере искусственного интеллекта,70
artificial_intelligence:4,artificial_intelligence,Об искусственном интеллекте,4,Основные принципы государственного регулирования общественных отношений в сфере искусственного интеллекта,28
artificial_intelligence:5,artificial_intelligence,Об искусственном интеллекте,5,Законность,30
artificial_intelligence:6,artificial_intelligence,Об искусственном интеллекте,6,Справедливость и равенство,37
artificial_intelligence:7,artificial_intelligence,Об искусственном интеллекте,7,Прозрачность и объяснимость,44
artificial_intelligence:8,artificial_intelligence,Об искусственном интеллекте,8,Ответственность и подконтрольность,64
artificial_intelligence:9,artificial_intelligence,Об искусственном интеллекте,9,"Приоритет благополучия человека, свободы воли в принятии им решений",26
artificial_intelligence:10,artificial_intelligence,Об искусственном интеллекте,10,Защита данных и конфиденциальности,49
artificial_intelligence:11,artificial_intelligence,Об искусственном интеллекте,11,Безопасность и защищенность,51
artificial_intelligence:12,artificial_intelligence,Об искусственном интеллекте,12,Компетенция Правительства Республики Казахстан в сфере искусственного интеллекта,42
artificial_intelligence:13,artificial_intelligence,Об искусственном интеллекте,13,Компетенция государственных органов в сфере искусственного интеллекта,166
artificial_intelligence:14,artificial_intelligence,Об искусственном интеллекте,14,Оператор национальной платформы искусственного интеллекта,76
artificial_intelligence:15,artificial_intelligence,Об искусственном интеллекте,15,Права и обязанности собственников и владельцев систем искусственного интеллекта,97
artificial_intelligence:16,artificial_intelligence,Об искусственном интеллекте,16,Права и обязанности пользователей,122
artificial_intelligence:17,artificial_intelligence,Об искусственном интеллекте,17,Правовой режим систем искусственного интеллекта,420
artificial_intelligence:18,artificial_intelligence,Об искусственном интеллекте,18,Управление рисками систем искусственного интеллекта,101
artificial_intelligence:19,artificial_intelligence,Об искусственном интеллекте,19,Перечни доверенных систем искусственного интеллекта высокой степени риска,51
artificial_intelligence:20,artificial_intelligence,Об искусственном интеллекте,20,Аудит систем искусственного интеллекта,36
artificial_intelligence:21,artificial_intelligence,Об искусственном интеллекте,21,Обеспечение прозрачности использования систем искусственного интеллекта,83
artificial_intelligence:22,artificial_intelligence,Об искусственном интеллекте,22,Машиночитаемые формы в сфере искусственного интеллекта,39
artificial_intelligence:23,artificial_intelligence,Об искусственном интеллекте,23,Авторское право,116
artificial_intelligence:24,artificial_intelligence,Об искусственном интеллекте,24,"Возмещение вреда, причиненного системами искусственного интеллекта",37
artificial_intelligence:25,artificial_intelligence,Об искусственном интеллекте,25,Национальная платформа искусственного интеллекта,53
artificial_intelligence:26,artificial_intelligence,Об искусственном интеллекте,26,Вычислительные ресурсы оператора национальной платформы искусственного интеллекта,39
artificial_intelligence:27,artificial_intelligence,Об искусственном интеллекте,27,Библиотеки данных,119
artificial_intelligence:28,artificial_intelligence,Об искусственном интеллекте,28,Меры государственной поддержки,40
artificial_intelligence:29,artificial_intelligence,Об искусственном интеллекте,29,Международное сотрудничество в сфере искусственного интеллекта,33
artificial_intelligence:30,artificial_intelligence,Об искусственном интеллекте,30,Ответственность за нарушение законодательства Республики Казахстан в сфере искусственного интеллекта,13
artificial_intelligence:31,artificial_intelligence,Об искусственном интеллекте,31,Порядок введения в действие настоящего Закона,15
