document_id,term,own_mean_tfidf,other_mean_tfidf,difference
access_to_information,информация,0.330702,0.014337,0.316365
access_to_information,обладатель,0.112978,0.000193,0.112785
access_to_information,доступ,0.124051,0.020019,0.104032
access_to_information,запрос,0.051549,0.003854,0.047695
access_to_information,размещение,0.044372,0.005459,0.038913
access_to_information,интернет,0.048651,0.012258,0.036393
access_to_information,открытость,0.037467,0.001371,0.036095
access_to_information,открытый,0.047654,0.01245,0.035204
access_to_information,руководитель,0.035573,0.001095,0.034478
access_to_information,массовый,0.031274,0.000904,0.030369
artificial_intelligence,искусственный,0.350658,0.002401,0.348257
artificial_intelligence,интеллект,0.350658,0.002401,0.348257
artificial_intelligence,система,0.150768,0.017501,0.133268
artificial_intelligence,библиотека,0.038624,0.000341,0.038283
artificial_intelligence,риск,0.039762,0.003123,0.036639
artificial_intelligence,платформа,0.045047,0.010624,0.034423
artificial_intelligence,модель,0.036207,0.002532,0.033675
artificial_intelligence,машиночитаемый,0.028024,0.000366,0.027658
artificial_intelligence,приоритетный,0.027624,0.000316,0.027309
artificial_intelligence,сфера,0.055266,0.029562,0.025705
communications,связь,0.297057,0.004025,0.293031
communications,сеть,0.095543,0.005344,0.090199
communications,устройство,0.06948,0.001359,0.068121
communications,услуга,0.082748,0.015609,0.067139
communications,оператор,0.082945,0.018726,0.064219
communications,абонентский,0.061168,0.001867,0.059301
communications,радиочастотный,0.05679,0.0,0.05679
communications,сотовый,0.055794,0.00176,0.054034
communications,радиоэлектронный,0.053669,0.0,0.053669
communications,средство,0.059268,0.011749,0.04752
cybersecurity,кибербезопасности,0.209296,0.013418,0.195878
cybersecurity,объект,0.118515,0.043165,0.07535
cybersecurity,обеспечение,0.080366,0.021457,0.058909
cybersecurity,сфера,0.079746,0.022502,0.057244
cybersecurity,цифровой,0.166357,0.112529,0.053828
cybersecurity,критически,0.037287,0.002416,0.034871
cybersecurity,инцидент,0.036278,0.002457,0.033821
cybersecurity,важный,0.036483,0.002697,0.033786
cybersecurity,национальный,0.051244,0.018411,0.032833
cybersecurity,центр,0.046228,0.015427,0.030801
digital_code,цифровой,0.267692,0.0507,0.216993
digital_code,объект,0.092855,0.037693,0.055162
digital_code,среда,0.05493,0.004085,0.050845
digital_code,электронный,0.055128,0.012149,0.042979
digital_code,подпись,0.048428,0.005875,0.042553
digital_code,ключ,0.034097,0.0,0.034097
digital_code,правительство,0.049173,0.018526,0.030648
digital_code,открытый,0.034014,0.006353,0.027661
digital_code,развитие,0.038288,0.01063,0.027658
digital_code,запись,0.025898,0.000882,0.025016
personal_data,персональный,0.307575,0.013301,0.294274
personal_data,сбор,0.11944,0.005148,0.114293
personal_data,обработка,0.124949,0.011492,0.113457
personal_data,третий,0.088434,0.00491,0.083524
personal_data,субъект,0.095995,0.020242,0.075753
personal_data,защита,0.093474,0.017815,0.075659
personal_data,собственник,0.088725,0.018455,0.07027
personal_data,оператор,0.087232,0.02376,0.063472
personal_data,представитель,0.060383,0.001631,0.058752
personal_data,законный,0.066885,0.008221,0.058664
