word,lemma_spacy,stem_snowball,pos,case,number,frequency
казахстан,казахстан,казахста,PROPN,Nom,Sing,982
республики,республика,республик,PROPN,Gen,Sing,942
связи,связь,связ,NOUN,Gen,Sing,838
цифровых,цифровой,цифров,ADJ,Gen,Plur,458
кибербезопасности,кибербезопасности,кибербезопасн,NOUN,Gen,Sing,333
соответствии,соответствие,соответств,NOUN,Loc,Sing,303
проверки,проверка,проверк,NOUN,Gen,Sing,299
персональных,персональный,персональн,ADJ,Gen,Plur,283
цифрового,цифровой,цифров,ADJ,Gen,Sing,272
не,не,не,PART,—,—,261
объектов,объект,объект,NOUN,Gen,Plur,252
информации,информация,информац,NOUN,Gen,Sing,244
обеспечения,обеспечение,обеспечен,NOUN,Gen,Sing,236
государственных,государственный,государствен,ADJ,Gen,Plur,225
цифровой,цифровой,цифров,ADJ,Gen,Sing,210
услуг,услуга,услуг,NOUN,Gen,Plur,208
лиц,лицо,лиц,NOUN,Gen,Plur,203
контроля,контроль,контрол,NOUN,Gen,Sing,201
доступа,доступ,доступ,NOUN,Gen,Sing,190
органом,орган,орган,NOUN,Ins,Sing,186
органов,орган,орган,NOUN,Gen,Plur,183
законодательством,законодательство,законодательств,NOUN,Ins,Sing,182
области,область,област,NOUN,Loc,Sing,176
правительства,правительство,правительств,NOUN,Gen,Sing,171
уполномоченным,уполномоченный,уполномочен,ADJ,Ins,Sing,168
законами,закон,закон,NOUN,Ins,Plur,168
телекоммуникаций,телекоммуникация,телекоммуникац,NOUN,Gen,Plur,168
искусственного,искусственный,искусствен,ADJ,Gen,Sing,160
интеллекта,интеллект,интеллект,NOUN,Gen,Sing,160
средств,средство,средств,NOUN,Gen,Plur,158
сотовой,сотовый,сотов,ADJ,Gen,Sing,157
сфере,сфера,сфер,NOUN,Loc,Sing,153
органа,орган,орга,NOUN,Gen,Sing,149
осуществляется,осуществляться,осуществля,VERB,—,Sing,146
субъекта,субъект,субъект,NOUN,Gen,Sing,141
безопасности,безопасность,безопасн,NOUN,Gen,Sing,138
деятельности,деятельность,деятельн,NOUN,Gen,Sing,133
порядке,порядок,порядк,NOUN,Loc,Sing,130
проведения,проведение,проведен,NOUN,Gen,Sing,127
сетей,сеть,сет,NOUN,Gen,Plur,124
использования,использование,использован,NOUN,Gen,Sing,122
электронной,электронный,электрон,ADJ,Gen,Sing,119
подписи,подпись,подпис,NOUN,Gen,Sing,118
национальной,национальный,национальн,ADJ,Gen,Sing,115
объекта,объект,объект,NOUN,Gen,Sing,110
информации,информация,информац,NOUN,Dat,Sing,106
государственного,государственный,государствен,ADJ,Gen,Sing,102
законом,закон,закон,PROPN,Ins,Sing,99
интернет,интернет,интернет,NOUN,Nom,Sing,97
устройств,устройство,устройств,NOUN,Gen,Plur,96
уполномоченного,уполномоченный,уполномочен,ADJ,Gen,Sing,95
лица,лицо,лиц,NOUN,Gen,Sing,91
статьи,статья,стат,NOUN,Gen,Sing,89
обработки,обработка,обработк,NOUN,Gen,Sing,88
исключением,исключение,исключен,NOUN,Ins,Sing,88
требований,требование,требован,NOUN,Gen,Plur,88
радиочастотного,радиочастотный,радиочастотн,ADJ,Gen,Sing,85
результатах,результат,результат,NOUN,Loc,Plur,84
юридических,юридический,юридическ,ADJ,Gen,Plur,83
защиты,защита,защит,NOUN,Gen,Sing,81
орган,орган,орга,NOUN,Nom,Sing,81
информацию,информация,информац,NOUN,Acc,Sing,80
цифровизации,цифровизации,цифровизац,NOUN,Gen,Sing,80
обязаны,обязанный,обяза,ADJ,—,Plur,78
систем,система,сист,NOUN,Gen,Plur,77
оператор,оператор,оператор,NOUN,Nom,Sing,76
случае,случай,случа,NOUN,Loc,Sing,76
спектра,спектр,спектр,NOUN,Gen,Sing,75
числе,число,числ,NOUN,Loc,Sing,73
законодательства,законодательство,законодательств,NOUN,Gen,Sing,73
операторы,оператор,оператор,NOUN,Nom,Plur,73
акта,акт,акт,NOUN,Gen,Sing,73
системы,система,систем,NOUN,Gen,Sing,73
нарушений,нарушение,нарушен,NOUN,Gen,Plur,72
случаях,случай,случа,NOUN,Loc,Plur,72
территории,территория,территор,NOUN,Loc,Sing,72
осуществляет,осуществлять,осуществля,VERB,—,Sing,70
радиоэлектронных,радиоэлектронный,радиоэлектрон,ADJ,Gen,Plur,70
целях,цель,цел,NOUN,Loc,Plur,69
доступ,доступ,доступ,NOUN,Acc,Sing,69
государства,государство,государств,NOUN,Gen,Sing,69
иных,иных,ин,ADJ,Gen,Plur,68
управления,управление,управлен,NOUN,Gen,Sing,68
оператора,оператор,оператор,NOUN,Gen,Sing,66
развития,развитие,развит,NOUN,Gen,Sing,66
абонентских,абонентский,абонентск,ADJ,Gen,Plur,66
вправе,вправе,вправ,ADV,—,—,65
ресурсов,ресурс,ресурс,NOUN,Gen,Plur,65
функционирования,функционирование,функционирован,NOUN,Gen,Sing,65
государственной,государственный,государствен,ADJ,Gen,Sing,64
прав,право,прав,NOUN,Gen,Plur,63
без,без,без,ADP,—,—,63
данные,данные,дан,NOUN,Acc,Plur,60
дней,день,дне,NOUN,Gen,Plur,58
правилами,правило,правил,NOUN,Ins,Plur,58
оказания,оказание,оказан,NOUN,Gen,Sing,57
уполномоченный,уполномоченный,уполномочен,ADJ,Nom,Sing,56
закона,закон,закон,PROPN,Gen,Sing,56
центра,центр,центр,NOUN,Gen,Sing,56
услуги,услуга,услуг,NOUN,Acc,Plur,56
