pos,case,number,frequency
NOUN,Gen,Sing,9690
NOUN,Gen,Plur,4250
ADJ,Gen,Sing,3122
ADJ,Gen,Plur,2654
NOUN,Nom,Sing,2575
NOUN,Loc,Sing,2543
NOUN,Acc,Sing,2350
NOUN,Ins,Sing,1481
VERB,—,Sing,1177
PROPN,Gen,Sing,1156
PROPN,Nom,Sing,1045
NOUN,Nom,Plur,958
NOUN,Dat,Sing,950
NOUN,Ins,Plur,893
NOUN,Acc,Plur,884
NOUN,Loc,Plur,833
ADJ,Nom,Sing,680
VERB,—,Plur,656
NOUN,Dat,Plur,598
VERB,—,—,598
VERB,Gen,Plur,592
ADJ,Ins,Sing,528
ADJ,Acc,Sing,505
ADJ,Acc,Plur,416
ADJ,Nom,Plur,379
ADJ,Ins,Plur,343
ADJ,Loc,Sing,327
ADJ,Loc,Plur,300
ADV,—,—,284
PART,—,—,261
ADJ,Dat,Plur,251
VERB,Gen,Sing,244
VERB,Nom,Sing,241
ADJ,—,—,213
PROPN,Ins,Sing,203
VERB,Nom,Plur,200
ADJ,Dat,Sing,183
VERB,Acc,Plur,165
VERB,Loc,Sing,161
VERB,Acc,Sing,128
ADP,—,—,115
VERB,Loc,Plur,111
ADJ,—,Plur,105
ADJ,—,Sing,96
VERB,Ins,Plur,93
VERB,Ins,Sing,83
NUM,Gen,—,80
VERB,Dat,Plur,71
PROPN,Loc,Sing,46
VERB,Dat,Sing,32
PROPN,Dat,Sing,25
NUM,Acc,—,14
PROPN,Acc,Sing,7
NUM,Nom,—,7
PROPN,—,—,6
PRON,Nom,—,3
NOUN,—,—,3
PROPN,Gen,Plur,2
PROPN,Nom,Plur,2
NUM,Ins,—,2
PRON,Gen,—,1
PRON,Ins,—,1
PRON,Dat,—,1
NUM,Loc,—,1
