word,frequency
казахстан,982
республики,942
связи,846
цифровых,510
информации,352
кибербезопасности,350
цифровой,336
персональных,317
проверки,311
соответствии,303
цифрового,273
не,261
объектов,253
государственных,246
обеспечения,236
услуг,208
лиц,206
контроля,201
правительства,191
доступа,190
области,187
органом,186
органов,183
законодательством,182
уполномоченным,170
законами,168
телекоммуникаций,168
деятельности,167
искусственного,164
интеллекта,164
сфере,160
средств,158
сотовой,158
электронной,153
органа,149
осуществляется,146
безопасности,145
субъекта,143
лица,141
законом,133
порядке,130
национальной,128
проведения,127
подписи,124
сетей,124
интернет,123
использования,122
орган,121
уполномоченного,113
объекта,111
