term,score
цифровой,0.121473
казахстан,0.071496
республика,0.071417
связь,0.063533
объект,0.055684
государственный,0.054095
персональный,0.050425
орган,0.046286
кибербезопасности,0.045964
закон,0.040832
информация,0.04062
искусственный,0.035619
интеллект,0.035619
лицо,0.035097
сфера,0.032014
оператор,0.031767
обеспечение,0.031245
соответствие,0.030743
система,0.030212
субъект,0.029799
законодательство,0.029351
услуга,0.029243
доступ,0.028662
правительство,0.028522
защита,0.02736
собственник,0.02732
уполномоченный,0.026523
электронный,0.026167
обработка,0.025805
осуществляться,0.025772
право,0.024098
национальный,0.023866
сеть,0.023661
требование,0.023166
порядок,0.02243
использование,0.021561
средство,0.021399
среда,0.020668
область,0.020628
установить,0.020612
не,0.020564
центр,0.020545
владелец,0.020317
контроль,0.020235
деятельность,0.020028
международный,0.019912
подпись,0.019753
развитие,0.019651
сбор,0.019566
технический,0.019538
