lemma,frequency
цифровой,1369
казахстан,983
республика,982
связь,876
орган,785
государственный,675
объект,553
лицо,519
информация,493
проверка,396
персональный,393
оператор,384
закон,379
уполномоченный,375
субъект,355
кибербезопасности,350
услуга,345
соответствие,343
сеть,323
доступ,318
обеспечение,318
законодательство,270
система,268
контроль,262
не,261
использование,252
средство,250
национальный,248
порядок,240
акт,236
требование,230
деятельность,226
электронный,222
правительство,221
сфера,219
установить,203
осуществлять,202
осуществляться,200
право,192
область,191
собственник,190
обработка,190
технический,190
юридический,184
защита,182
случай,182
проведение,178
результат,171
телекоммуникация,169
устройство,167
