feature_index,term
0,абонент
1,абонентский
2,аварийный
3,авария
4,автоматизация
5,автоматизированный
6,автоматизировать
7,автоматический
8,автомобильный
9,авторизация
10,авторский
11,агрегированный
12,административно
13,административный
14,администратор
15,администрация
16,администрирование
17,адрес
18,азартный
19,аким
20,аккредитация
21,акт
22,актив
23,актуализация
24,актуализировать
25,актуализируются
26,актуальность
27,актуальный
28,акция
29,алгоритм
30,алгоритмический
31,анализ
32,аналитик
33,аналитика
34,аналитический
35,аналогичный
36,анонимизации
37,анонимный
38,антенно
39,антикризисный
40,антимонопольный
41,антифрод
42,аппаратный
43,аппаратура
44,аренда
45,архив
46,архивирование
47,архивный
48,архитектура
49,архитектурный
50,аудит
51,аукцион
52,аутентификация
53,база
54,базовый
55,баланс
56,банк
57,банковский
58,бедствие
59,без
60,безвозмездно
61,безвозмездный
62,бездействие
63,безопасность
64,безопасный
65,бесперебойный
66,бесплатно
67,бесплатный
68,беспрепятственный
69,беспроводный
70,библиотека
71,бизнес
72,биометрический
73,благоприятный
74,блог
75,блокирование
76,блокировать
77,бокс
78,бумажный
79,бюджет
80,бюджетный
81,важный
82,вакантный
83,введение
84,ввод
85,вводиться
86,ввоз
87,веб
88,ведение
89,ведомость
90,ведомственный
91,верификация
92,вести
93,вестись
94,вещь
95,взаимный
96,взаимодействие
97,взаимодействовать
98,взаимоотношение
99,взаимопомощь
100,взаиморасчетов
101,взаимосвязанный
102,взиматься
103,вид
104,видеомониторинга
105,видеосъёмка
106,виртуальный
107,включать
108,включение
109,включить
110,владелец
111,владение
112,владеть
113,влечь
114,влияние
115,влиять
116,вместе
117,вмешательство
118,внедрение
119,внеплановый
120,внесение
121,внести
122,внешний
123,вносить
124,вноситься
125,внутренний
126,внутрипроизводственный
127,водоснабжение
128,военный
129,воздействие
130,воздушный
131,возлагать
132,возлагаться
133,возлагаются
134,возложение
135,возложить
136,возмездный
137,возместить
138,возмещение
139,возможность
140,возможный
141,возникать
142,возникновение
143,возникнуть
144,возобновление
145,возражение
146,возраст
147,воинский
148,волеизъявление
149,волоконно
150,воля
151,вооружить
152,вопрос
153,восприятие
154,воспроизведение
155,восстановить
156,восстановление
157,вправе
158,вред
159,вредный
160,вредоносный
161,временной
162,время
163,вручаться
164,вручение
165,вручить
166,вследствие
167,вспомогательный
168,встроить
169,вступить
170,вступление
171,второй
172,входить
173,выбор
174,вывод
175,выдавать
176,выдаваться
177,выдать
178,выдача
179,выделение
180,выделить
181,выделять
182,выделяться
183,вызвать
184,вызов
185,вызывать
186,выполнение
187,выполнить
188,выполнять
189,выпуск
190,вырабатывать
191,выразить
192,высокий
193,высокочастотный
194,вычислительный
195,вышестоящий
196,выявить
197,выявление
198,газоснабжение
199,гарантированный
200,ггц
201,генеральный
202,гидротехнический
203,глава
204,год
205,годовой
206,голосовать
207,голосовой
208,город
209,городов
210,городской
211,государственное
212,государственный
213,государство
214,готовность
215,гражданин
216,гражданский
217,гражданство
218,граница
219,график
220,группа
221,давать
222,дальнейший
223,данные
224,данным
225,данными
226,дата
227,дать
228,два
229,двадцать
230,двусторонний
231,дежурный
232,действие
233,действительность
234,действовать
235,декабрь
236,делаться
237,делиться
238,дело
239,день
240,деньга
241,десять
242,деятельность
243,диалог
244,диапазон
245,дискриминация
246,диспетчерский
247,дистанционный
248,добровольный
249,добросовестный
250,доверенный
251,доверие
252,доверительный
253,доводить
254,договор
255,договорный
256,доказательство
257,документ
258,документационный
259,документация
260,должностной
261,должность
262,должный
263,доля
264,доменный
265,дополнение
266,дополнительный
267,дополнить
268,допускать
269,допускаться
270,допустить
271,дорога
272,доставка
273,достаточный
274,достигнуть
275,достижение
276,достоверность
277,достоверный
278,достоинство
279,доступ
280,доступность
281,доступный
282,доход
283,друг
284,другого
285,единица
286,единый
287,ежегодно
288,ежегодный
289,естественный
290,жалоба
291,железнодорожный
292,жизнедеятельность
293,жизненный
294,жизнь
295,жилищный
296,журнал
297,журналирование
298,журналирования
299,заведение
300,заверить
301,завершение
302,зависимость
303,задание
304,задача
305,задействовать
306,заинтересованный
307,заказ
308,заказной
309,заказчик
310,заключать
311,заключение
312,заключительные
313,заключить
314,закон
315,законность
316,законный
317,законодательство
318,закрепить
319,закрытый
320,закрыть
321,закупка
322,залог
323,замена
324,заместитель
325,замечание
326,замещать
327,занимать
328,заниматься
329,записками
330,запись
331,запрашивать
332,запрет
333,запретить
334,запрещаться
335,запрос
336,заранее
337,зарегистрировать
338,зарубежный
339,заседание
340,засекреченная
341,затрагивать
342,затрата
343,зафиксировать
344,защита
345,защитный
346,защищать
347,защищенном
348,защищённость
349,заявитель
350,заявить
351,заявка
352,заявление
353,здание
354,здоровье
355,здравоохранение
356,земельный
357,землепользование
358,землепользователь
359,земля
360,злоупотребление
361,знак
362,знание
363,значение
364,значимый
365,значительный
366,зона
367,зрение
368,игра
369,идентификатор
370,идентификационный
371,идентификационных
372,идентификация
373,идентифицировать
374,идентичность
375,известить
376,известный
377,извлечение
378,изготовитель
379,изготовление
380,издание
381,излагать
382,изложить
383,излучение
384,изменение
385,изменить
386,измерение
387,изображение
388,изъятие
389,иметься
390,импорт
391,имущественный
392,имущество
393,имя
394,иная
395,инвалидность
396,инвестиционный
397,инвестиция
398,индивидуализация
399,индивидуальный
400,индикатор
401,инженерный
402,инициал
403,инициатива
404,иного
405,иное
406,иной
407,иностранец
408,иностранный
409,институт
410,институциональный
411,интеграция
412,интегрировать
413,интеллект
414,интеллекта
415,интеллектуальный
416,интерес
417,интернет
418,интерфейс
419,иную
420,информатизация
421,информационный
422,информация
423,информирование
424,информировать
425,инфраструктура
426,инцидент
427,иные
428,иных
429,исключать
430,исключение
431,исключительно
432,исключительный
433,исключить
434,искусственного
435,искусственный
436,исполнение
437,исполнитель
438,исполнительный
439,исполнить
440,исполнять
441,использование
442,использовать
443,использоваться
444,испытание
445,исследование
446,исследователь
447,исследовательский
448,истечение
449,источник
450,исходить
451,исходный
452,итог
453,кабель
454,кабельный
455,кабинет
456,кадровый
457,казахский
458,казахстан
459,казахстанский
460,казино
461,календарный
462,канал
463,канализация
464,кандидат
465,капиталь
466,карта
467,касаться
468,категоризации
469,категория
470,качественный
471,качество
472,квазигосударственный
473,квалификационный
474,квалификация
475,квартал
476,кгц
477,кибербезопасности
478,кибербезопасность
479,киберкультура
480,класс
481,классификатор
482,ключ
483,код
484,кодекс
485,кодированная
486,количество
487,коллегиальный
488,комбинация
489,комбинированный
490,комиссия
491,комитет
492,коммерческий
493,коммутационный
494,коммутация
495,компания
496,компенсация
497,компетентность
498,компетентный
499,компетенция
500,комплекс
501,комплексный
502,комплектование
503,компонент
504,компьютерный
505,конверсия
506,кондоминиум
507,конкретный
508,конкурентоспособность
509,конкуренция
510,конкурс
511,конкурсный
512,консолидация
513,консолидированный
514,конституционный
515,конституция
516,консультант
517,консультативный
518,консультационный
519,контактный
520,контент
521,контракт
522,контракта
523,контроль
524,контрольный
525,контрразведывательный
526,конфиденциальность
527,конфиденциальный
528,концентратор
529,координатор
530,координационный
531,координация
532,копирование
533,копия
534,корневой
535,короткий
536,корпоративный
537,косвенно
538,космический
539,криптографический
540,критерий
541,критически
542,круг
543,круглосуточный
544,культурный
545,курултай
546,кэшировать
547,ликвидация
548,линейно
549,линия
550,лицензиар
551,лицензирование
552,лицензия
553,лицо
554,лично
555,личность
556,личный
557,локализация
558,локальный
559,льгота
560,магистральный
561,малый
562,маскирование
563,масс
564,массовый
565,материал
566,материальный
567,мачтовый
568,машинный
569,машиночитаемый
570,медиа
571,медицинский
572,межведомственный
573,межгосударственный
574,междугородный
575,международный
576,межотраслевой
577,мера
578,мероприятие
579,местный
580,место
581,местоположение
582,месяц
583,метод
584,методика
585,методический
586,методологический
587,механизм
588,миграция
589,минимальный
590,минимизация
591,министерство
592,мирный
593,мобильный
594,модель
595,модернизация
596,модификация
597,момент
598,мониторинг
599,монополия
600,моральный
601,морской
602,мост
603,мотив
604,мотивированный
605,мошеннический
606,мошенничество
607,мощность
608,набор
609,нагрузка
610,надзор
611,надзору
612,надлежащий
613,надёжность
614,назарбаев
615,наземный
616,назначать
617,назначение
618,назначить
619,наименование
620,накопление
621,наличие
622,налог
623,налоговый
624,нанести
625,наполнение
626,направить
627,направление
628,направлять
629,направляться
630,нарочно
631,нарушать
632,нарушение
633,нарушить
634,население
635,населить
636,наступление
637,научно
638,научный
639,нахождение
640,национальный
641,начало
642,наём
643,не
644,неблагоприятный
645,невозможность
646,невозможный
647,негативный
648,негосударственный
649,недействительный
650,недискриминация
651,недопустимость
652,недопущение
653,недостаток
654,недостоверный
655,независимо
656,незаконный
657,незамедлительно
658,незамедлительный
659,неизменность
660,неимущественный
661,неисполнение
662,нейтральность
663,нематериальный
664,ненадлежащий
665,необоснованный
666,необходимость
667,необходимый
668,неограниченный
669,неотложный
670,неотъемлемый
671,неполный
672,непосредственно
673,неправомерный
674,непреднамеренный
675,непредоставление
676,непрерывность
677,неприкосновенность
678,несанкционированный
679,несогласие
680,несоответствие
681,нести
682,неустранение
683,нецелевой
684,нижеперечисленный
685,новый
686,номер
687,норма
688,нормативный
689,носитель
690,нравственность
691,нужда
692,нумерация
693,обезличенные
694,обезличивание
695,обеспечение
696,обеспечивать
697,обеспечиваться
698,обеспечиваются
699,обеспечить
700,обжалование
701,обжаловать
702,обладатель
703,обладать
704,область
705,обмен
706,обнаружение
707,обновление
708,обобщение
709,обозначение
710,оборона
711,обороноспособность
712,оборот
713,оборудование
714,обоснование
715,обоснованный
716,обособленный
717,обрабатывать
718,обрабатываться
719,обрабатываются
720,обработка
721,образ
722,образец
723,образование
724,обратиться
725,обращаться
726,обращение
727,обременение
728,обследование
729,обслуживаемой
730,обслуживание
731,обслуживать
732,обстановка
733,обстоятельство
734,обсуждать
735,обсуждение
736,обучаться
737,обучение
738,общедоступный
739,общественно
740,общественный
741,общество
742,общий
743,объект
744,объекты
745,объяснение
746,объём
747,обязанности
748,обязанность
749,обязанный
750,обязательный
751,обязательство
752,обязать
753,ограничение
754,ограниченный
755,ограничивать
756,ограничиваться
757,ограничить
758,одновременный
759,ознакомиться
760,ознакомление
761,оказание
762,оказать
763,оказывать
764,оказываться
765,окончание
766,окончательный
767,округ
768,окружать
769,онлайн
770,опасный
771,оперативно
772,оперативный
773,оператор
774,операция
775,описание
776,оплата
777,оповещать
778,опора
779,определение
780,определить
781,определяемому
782,определять
783,определяться
784,определённый
785,опрос
786,оптимизация
787,оптический
788,опубликование
789,опыт
790,опытный
791,орбитальный
792,орган
793,организационно
794,организационный
795,организация
796,организовать
797,оригинал
798,освобождение
799,основа
800,основание
801,основать
802,основной
803,основные
804,основный
805,основываться
806,особенность
807,особый
808,осознанный
809,оставаться
810,осуществить
811,осуществление
812,осуществлять
813,осуществляться
814,ответ
815,ответственность
816,ответственный
817,отделение
818,отдельный
819,отечественный
820,отзыв
821,отзывать
822,отказ
823,отказать
824,отказаться
825,отказывать
826,отказываться
827,открытость
828,открытый
829,открыть
830,отличных
831,отмена
832,отметка
833,отнесение
834,отнести
835,относиться
836,отношение
837,отображение
838,отозвать
839,отправка
840,отправление
841,отражать
842,отраслевой
843,отрасль
844,отсутствие
845,отсутствовать
846,отчество
847,отчитываться
848,отчуждение
849,отчёт
850,отчётность
851,отчётный
852,официальный
853,оформление
854,оформляется
855,охрана
856,охранный
857,охранять
858,охраняться
859,оценка
860,ошибка
861,пакет
862,параметр
863,пари
864,парламент
865,пароль
866,партнёрство
867,пенитенциарный
868,первоначальный
869,первоочередной
870,первый
871,перевод
872,перевозка
873,передавать
874,передаваться
875,передача
876,передвижной
877,перемещение
878,перенос
879,переписка
880,переподготовка
881,перераспределение
882,перерегистрация
883,пересмотр
884,пересылка
885,переустройство
886,переход
887,переходные
888,перечень
889,период
890,периодический
891,периодичность
892,персональный
893,персональных
894,перспективный
895,печатный
896,печать
897,пилотный
898,письменно
899,письменный
900,письмо
901,пищевой
902,план
903,планирование
904,планировать
905,плата
906,платформ
907,платформа
908,платформенный
909,платформы
910,платёж
911,платёжный
912,площадь
913,победитель
914,поведение
915,повреждение
916,повременный
917,повторный
918,повышение
919,подаваться
920,подача
921,подведомственный
922,подготовка
923,поддерживать
924,поддержка
925,подключать
926,подключение
927,подключить
928,подлежать
929,подлинность
930,подмена
931,подписание
932,подписать
933,подписывать
934,подписываться
935,подпись
936,подпункт
937,подразделение
938,подразделяться
939,подстанция
940,подтвердить
941,подтверждать
942,подтверждение
943,подтвержденных
944,подход
945,пожарный
946,позволять
947,поздний
948,позиция
949,поиск
950,показатель
951,политика
952,политический
953,полномочие
954,полностью
955,полнота
956,полный
957,положение
958,положения
959,положительный
960,полос
961,полоса
962,полугодовой
963,получатель
964,получать
965,получение
966,получить
967,пользование
968,пользователь
969,пользовательский
970,пользоваться
971,помеха
972,помещение
973,помощь
974,пониматься
975,понятие
976,портал
977,портала
978,порталах
979,порталов
980,поручение
981,порядок
982,посещение
983,последствие
984,последующий
985,поставщик
986,постоянный
987,построение
988,поступать
989,поступить
990,поступление
991,посёлок
992,потенциальный
993,потеря
994,потребность
995,почта
996,почтовый
997,пояснительный
998,права
999,правило
1000,правительственный
1001,правительство
1002,право
1003,правовой
1004,правомерно
1005,правомерность
1006,правомочие
1007,правонарушение
1008,правообладатель
1009,правоотношение
1010,правоохранительный
1011,правопорядок
1012,практика
1013,практический
1014,пребывание
1015,превышать
1016,превышение
1017,предел
1018,предложение
1019,предмет
1020,предназначить
1021,предоставить
1022,предоставление
1023,предоставлять
1024,предоставляться
1025,предотвратить
1026,предотвращение
1027,предписание
1028,предполагать
1029,предпосылка
1030,предприниматель
1031,предпринимательский
1032,предпринимательство
1033,предприятие
1034,представитель
1035,представительство
1036,представить
1037,представление
1038,представлять
1039,представляться
1040,предстоять
1041,предупреждение
1042,предусматривать
1043,предусмотреть
1044,предшествовать
1045,предъявить
1046,предъявление
1047,предъявлять
1048,предыдущий
1049,президент
1050,президентский
1051,прекратить
1052,прекращаться
1053,прекращение
1054,преобразование
1055,препятствие
1056,препятствовать
1057,пресечение
1058,преследование
1059,преступление
1060,прибыть
1061,привести
1062,привилегированный
1063,привлекать
1064,привлечение
1065,приводить
1066,пригодный
1067,приграничный
1068,признаваться
1069,признак
1070,признание
1071,признать
1072,приказ
1073,прилагаться
1074,приложение
1075,применение
1076,применять
1077,применяться
1078,принадлежать
1079,принадлежность
1080,принимать
1081,приниматься
1082,принцип
1083,принятие
1084,принять
1085,приобрести
1086,приобретение
1087,приобщение
1088,приоритет
1089,приоритетный
1090,приостанавливать
1091,приостановить
1092,приостановление
1093,приравниваться
1094,природный
1095,присвоение
1096,присвоенных
1097,присвоить
1098,присоединение
1099,присоединять
1100,присутствие
1101,присутствовать
1102,причина
1103,причинение
1104,причинить
1105,причинять
1106,приём
1107,приёмный
1108,проактивного
1109,проактивное
1110,провайдер
1111,проведение
1112,проверка
1113,проверяемого
1114,проверяемому
1115,проверяемые
1116,проверяемый
1117,провести
1118,провод
1119,проводить
1120,проводиться
1121,проводной
1122,прогноз
1123,прогнозирование
1124,программа
1125,программный
1126,продажа
1127,проделать
1128,продление
1129,продлить
1130,продолжительность
1131,продукт
1132,продукция
1133,проект
1134,проектирование
1135,проживать
1136,прозрачность
1137,произвести
1138,производимые
1139,производить
1140,производиться
1141,производственный
1142,производство
1143,произойти
1144,проинформировать
1145,происходить
1146,пройти
1147,прокладка
1148,прокуратура
1149,прокурор
1150,промышленность
1151,промышленный
1152,пропуск
1153,просек
1154,просмотр
1155,простой
1156,пространство
1157,против
1158,противодействие
1159,противоправный
1160,противоречить
1161,протокол
1162,профессиональный
1163,профилактика
1164,профилактический
1165,профиль
1166,проходить
1167,прохождение
1168,процедура
1169,процент
1170,процесс
1171,процессуальный
1172,прямо
1173,прямой
1174,публикация
1175,публичный
1176,пульт
1177,пункт
1178,путем
1179,путь
1180,пятнадцать
1181,пять
1182,пятьдесят
1183,работа
1184,работник
1185,рабочий
1186,равенство
1187,равнозначный
1188,равный
1189,радиационный
1190,радио
1191,радиовещание
1192,радиоизлучение
1193,радиоканал
1194,радиоконтроль
1195,радиолюбительский
1196,радиопомех
1197,радиопомеха
1198,радиопрограмма
1199,радиорелейный
1200,радиосвязь
1201,радиосигнал
1202,радиосигнала
1203,радиослужбами
1204,радиочастота
1205,радиочастотный
1206,радиоэлектронный
1207,раз
1208,разведывательный
1209,развивать
1210,развиваться
1211,развитие
1212,разглашение
1213,раздел
1214,различный
1215,размер
1216,разместить
1217,размещать
1218,размещаться
1219,размещение
1220,разный
1221,разрабатывать
1222,разрабатываться
1223,разработать
1224,разработка
1225,разработчик
1226,разрешение
1227,разрешительный
1228,разъяснение
1229,район
1230,районный
1231,рамка
1232,раса
1233,раскрывать
1234,раскрытие
1235,расположенную
1236,распоряжение
1237,распределение
1238,распределить
1239,распределённый
1240,распространение
1241,распространять
1242,распространяться
1243,рассматривать
1244,рассмотрение
1245,рассмотреть
1246,рассылка
1247,расход
1248,расходование
1249,расчёт
1250,расширение
1251,ратифицировать
1252,реагирование
1253,реализационный
1254,реализация
1255,реализовать
1256,реализуемые
1257,реальный
1258,ребёнок
1259,регион
1260,региональный
1261,регионов
1262,регистр
1263,регистрация
1264,регистрировать
1265,регламент
1266,регламентировать
1267,регулирование
1268,регулировать
1269,регулироваться
1270,регулярный
1271,регулятивный
1272,регуляторный
1273,реестр
1274,реже
1275,режим
1276,режимный
1277,резервный
1278,резидент
1279,результат
1280,реинжиниринга
1281,реклама
1282,рекомендация
1283,реконструкция
1284,реорганизация
1285,репозиторий
1286,республика
1287,республиканский
1288,ресурс
1289,ресурса
1290,ресурсам
1291,ресурсами
1292,ресурсах
1293,ресурсе
1294,ресурсов
1295,ресурсы
1296,речной
1297,решение
1298,риск
1299,рк
1300,розыскной
1301,роспись
1302,рубеж
1303,руководитель
1304,руководство
1305,русский
1306,рынок
1307,самостоятельно
1308,самостоятельный
1309,самоуправление
1310,сбой
1311,сбор
1312,сведение
1313,свобода
1314,свободно
1315,свободный
1316,своевременно
1317,своевременность
1318,своевременный
1319,свойство
1320,связать
1321,связь
1322,сдаваться
1323,сделать
1324,сделка
1325,сегмент
1326,секрет
1327,сектор
1328,село
1329,сельский
1330,семейный
1331,сервер
1332,сервис
1333,сервисный
1334,сертификат
1335,сертификация
1336,сертифицированный
1337,сетевой
1338,сеть
1339,сигнал
1340,сила
1341,сим
1342,синтетический
1343,система
1344,систематизация
1345,системный
1346,ситуация
1347,следующий
1348,слой
1349,служба
1350,служебный
1351,служить
1352,слух
1353,случай
1354,смарт
1355,смежный
1356,снижение
1357,снятие
1358,собирать
1359,собираться
1360,соблюдать
1361,соблюдение
1362,собрание
1363,собственник
1364,собственнику
1365,собственноручный
1366,собственность
1367,собственный
1368,событие
1369,совершать
1370,совершение
1371,совершенствование
1372,совершить
1373,совет
1374,совещательный
1375,совместимость
1376,совместно
1377,совместный
1378,совокупность
1379,современный
1380,согласие
1381,согласно
1382,согласование
1383,согласовать
1384,согласовывать
1385,соглашение
1386,содействие
1387,содействовать
1388,содержание
1389,содержать
1390,содержаться
1391,содержащихся
1392,соединение
1393,соединительный
1394,создавать
1395,создаваться
1396,создание
1397,создать
1398,созыв
1399,сообщение
1400,сообщество
1401,сооружение
1402,соответствие
1403,соответствовать
1404,соответствующий
1405,сопровождать
1406,сопровождение
1407,соразмерность
1408,состав
1409,составление
1410,составлять
1411,составляться
1412,состояние
1413,состоять
1414,сотовый
1415,сотрудник
1416,сотрудничество
1417,сохранение
1418,сохранить
1419,сохранность
1420,сохраняться
1421,социально
1422,социальный
1423,социологический
1424,союз
1425,спектр
1426,специалист
1427,специальный
1428,спецификация
1429,списание
1430,список
1431,спор
1432,способ
1433,способность
1434,способный
1435,справедливость
1436,справочный
1437,спутник
1438,спутниковый
1439,сравнительный
1440,среда
1441,среде
1442,средний
1443,средство
1444,среды
1445,срок
1446,ссылка
1447,стабильность
1448,стабильный
1449,стандарт
1450,стандартизация
1451,становиться
1452,станция
1453,статистика
1454,статистический
1455,статический
1456,статус
1457,статья
1458,стенд
1459,степень
1460,стимулирование
1461,стихийный
1462,стоимость
1463,столица
1464,стопроцентный
1465,сторона
1466,страна
1467,стратегический
1468,страхование
1469,страховой
1470,строение
1471,строительство
1472,строй
1473,структура
1474,структурированный
1475,структурный
1476,стык
1477,субсидия
1478,субъект
1479,субъекту
1480,суд
1481,судебный
1482,судно
1483,сумма
1484,сутки
1485,существование
1486,существовать
1487,сфера
1488,сфере
1489,сход
1490,считаться
1491,счёт
1492,таблица
1493,таблицами
1494,тайна
1495,тайнам
1496,таможенный
1497,тариф
1498,тарификация
1499,творческий
1500,текст
1501,текстовый
1502,текущий
1503,телевизионный
1504,телеграмма
1505,телеграфный
1506,телекоммуникационный
1507,телекоммуникация
1508,телерадиовещание
1509,телефон
1510,телефонный
1511,теплоснабжение
1512,территориальный
1513,территория
1514,террористический
1515,техника
1516,технический
1517,техногенный
1518,технологический
1519,технология
1520,течение
1521,тип
1522,типовой
1523,товар
1524,токаев
1525,точка
1526,транзит
1527,трансграничный
1528,трансляция
1529,транспорт
1530,транспортный
1531,трансформация
1532,трафик
1533,трафика
1534,трафиком
1535,требование
1536,требовать
1537,требоваться
1538,требуемого
1539,третий
1540,три
1541,тридцать
1542,трудовой
1543,убыток
1544,уважение
1545,уведомить
1546,уведомление
1547,уведомлять
1548,уголовный
1549,угроза
1550,удаление
1551,удалить
1552,удаться
1553,удовлетворение
1554,удостоверение
1555,удостоверить
1556,удостоверять
1557,удостоверяющего
1558,удостоверяющими
1559,узел
1560,указание
1561,указать
1562,указывать
1563,указываться
1564,указываются
1565,универсальный
1566,уникальный
1567,уничтожение
1568,уничтожить
1569,уполномоченного
1570,уполномоченный
1571,уполномочить
1572,упорядочить
1573,управление
1574,управленческий
1575,управлять
1576,уровень
1577,усилитель
1578,условие
1579,услуга
1580,уставный
1581,устанавливать
1582,устанавливаться
1583,установить
1584,установка
1585,установление
1586,устный
1587,устойчивость
1588,устойчивый
1589,устранение
1590,устранить
1591,устройство
1592,утвердить
1593,утверждаемыми
1594,утверждать
1595,утверждаться
1596,утверждение
1597,утечка
1598,уточнение
1599,утрата
1600,утратить
1601,ухудшение
1602,участвовать
1603,участие
1604,участник
1605,участница
1606,участок
1607,учебный
1608,учитываться
1609,учреждение
1610,учёт
1611,учётный
1612,ущерб
1613,уязвимость
1614,уязвимый
1615,факт
1616,фактический
1617,фактор
1618,фамилия
1619,физический
1620,фиксация
1621,фиксированный
1622,фиксировать
1623,филиал
1624,финансирование
1625,финансово
1626,финансовый
1627,фонд
1628,форма
1629,формализованный
1630,формат
1631,формирование
1632,формировать
1633,формироваться
1634,формируемые
1635,фрод
1636,функционал
1637,функциональный
1638,функционирование
1639,функционировать
1640,функция
1641,характер
1642,характеристика
1643,характерный
1644,хеширование
1645,ход
1646,хозяйственный
1647,хозяйство
1648,хозяйствовать
1649,хостинг
1650,хранение
1651,хранить
1652,храниться
1653,целевой
1654,целостность
1655,цель
1656,целям
1657,цена
1658,ценность
1659,ценовый
1660,центр
1661,централизованный
1662,центральный
1663,цикл
1664,цифровая
1665,цифровизации
1666,цифровое
1667,цифровой
1668,цифровые
1669,цифровых
1670,час
1671,частичный
1672,частный
1673,частота
1674,частотный
1675,часть
1676,человек
1677,число
1678,чрезвычайный
1679,шесть
1680,шестьдесят
1681,широковещательный
1682,шифровальный
1683,шифрование
1684,шифрованная
1685,шлюз
1686,штатный
1687,экземпляр
1688,экологический
1689,экономика
1690,экономический
1691,эксперт
1692,экспертиза
1693,экспертный
1694,эксплуатационный
1695,эксплуатация
1696,эксплуатировать
1697,эксплуатироваться
1698,экстремистский
1699,экстренный
1700,электрический
1701,электромагнитный
1702,электронный
1703,электропередача
1704,электросвязь
1705,электроснабжение
1706,элемент
1707,эпидемиологический
1708,эталонный
1709,этап
1710,эффективность
1711,эффективный
1712,юридически
1713,юридический
1714,являться
1715,язык
1716,январь
1717,ёмкость
